timestamp,exercise,rep_number,quality_score,feedback_tag,left_knee_angle,right_knee_angle
2025-11-09 17:43:14,wall_sit,0,1.0,excellent,178.87338841974704,176.92763251547183
2025-11-09 17:43:14,wall_sit,0,1.0,excellent,178.87338841974704,176.9547985240144
2025-11-09 17:43:14,wall_sit,0,1.0,excellent,178.6531748204252,176.9547985240144
2025-11-09 17:43:15,wall_sit,0,1.0,excellent,178.4140287197111,177.41848933927264
2025-11-09 17:43:15,wall_sit,0,1.0,excellent,178.15531371096463,177.64619989016714
2025-11-09 17:43:15,wall_sit,0,1.0,excellent,177.8980743139165,177.920868277814
2025-11-09 17:43:15,wall_sit,0,1.0,excellent,178.4173163838678,178.15047074926952
2025-11-09 17:43:15,wall_sit,0,1.0,excellent,178.37225855865017,178.64483757466638
2025-11-09 17:43:15,wall_sit,0,1.0,excellent,178.65078440943313,178.67065492451638
2025-11-09 17:43:15,wall_sit,0,1.0,excellent,178.42235884565682,178.87116520281873
2025-11-09 17:43:16,wall_sit,0,1.0,excellent,179.91358108516633,178.68536632669
2025-11-09 17:43:16,wall_sit,0,1.0,excellent,179.26258519001377,175.31389964681648
2025-11-09 17:43:16,wall_sit,0,1.0,excellent,172.378741270058,176.68333015994386
2025-11-09 17:43:16,wall_sit,0,1.0,excellent,179.94763038230076,172.7154279045956
2025-11-09 17:43:16,wall_sit,0,1.0,excellent,177.74471826907563,175.20149791300884
2025-11-09 17:43:16,wall_sit,0,1.0,excellent,177.5946269691421,173.31042378825563
2025-11-09 17:43:16,wall_sit,0,1.0,excellent,179.19294080077532,176.37846975773684
2025-11-09 17:43:16,wall_sit,0,1.0,excellent,179.58631924848459,176.461454768437
2025-11-09 17:43:17,wall_sit,0,1.0,excellent,175.85956237789532,178.03887580428733
2025-11-09 17:43:17,wall_sit,0,1.0,excellent,177.1056332861765,177.0523647311772
2025-11-09 17:43:17,wall_sit,0,1.0,excellent,177.15123623199466,178.00212014327676
2025-11-09 17:43:17,wall_sit,0,1.0,excellent,178.63669112470524,177.3854714976854
2025-11-09 17:43:17,wall_sit,0,1.0,excellent,176.6546716636436,173.23326954421628
2025-11-09 17:43:17,wall_sit,0,1.0,excellent,179.38939480931248,171.78406873253178
2025-11-09 17:43:17,wall_sit,0,1.0,excellent,174.6472018138255,166.35121113645246
2025-11-09 17:43:18,wall_sit,0,1.0,excellent,177.67247550982302,164.30429173982068
2025-11-09 17:43:18,wall_sit,0,1.0,excellent,177.7464697897545,170.6546765482785
2025-11-09 17:43:18,wall_sit,0,1.0,excellent,176.25019272674746,171.91381304310292
2025-11-09 17:43:18,wall_sit,0,1.0,excellent,178.95801686378297,172.6768985770155
2025-11-09 17:43:18,wall_sit,0,1.0,excellent,176.68724641286124,177.1362496558981
2025-11-09 17:43:18,wall_sit,0,1.0,excellent,175.73298796973782,178.63012448900875
2025-11-09 17:43:18,wall_sit,0,1.0,excellent,175.35075083082802,179.06872784912204
2025-11-09 17:43:19,wall_sit,0,1.0,excellent,173.47451921904556,179.0752428969206
2025-11-09 17:43:19,wall_sit,0,1.0,excellent,174.64189718980433,177.63088519091215
2025-11-09 17:43:19,wall_sit,0,1.0,excellent,173.89257245322798,179.52541531001566
2025-11-09 17:43:19,wall_sit,0,1.0,excellent,173.84179269144326,178.23737735014743
2025-11-09 17:43:19,wall_sit,0,1.0,excellent,161.80920094207198,171.78907218667644
2025-11-09 17:43:19,wall_sit,0,1.0,excellent,179.06244691156152,169.9933075414822
2025-11-09 17:43:19,wall_sit,0,1.0,excellent,179.12878096439755,165.87477803101993
2025-11-09 17:43:19,wall_sit,0,1.0,excellent,173.05501255567964,173.03196840179564
2025-11-09 17:43:20,wall_sit,0,1.0,excellent,177.62871286868273,178.72342510413696
2025-11-09 17:43:20,wall_sit,0,1.0,excellent,177.13759477256332,179.8301093561232
2025-11-09 17:43:20,wall_sit,0,1.0,excellent,172.95099137142964,176.36280663170103
2025-11-09 17:43:20,wall_sit,0,1.0,excellent,176.11059181511658,174.59861541050208
2025-11-09 17:43:20,wall_sit,0,1.0,excellent,169.30512329182983,173.7087950967579
2025-11-09 17:43:20,wall_sit,0,1.0,excellent,177.27368900471123,179.7561896292028
2025-11-09 17:43:20,wall_sit,0,1.0,excellent,177.57636637655835,176.13275838031902
2025-11-09 17:43:21,wall_sit,0,1.0,excellent,175.32607815162228,168.37410135631853
2025-11-09 17:43:21,wall_sit,0,1.0,excellent,179.64673064858346,161.84961003967703
2025-11-09 17:43:21,wall_sit,0,1.0,excellent,177.7820620578236,167.97288205103774
2025-11-09 17:43:21,wall_sit,0,1.0,excellent,178.62826192553635,171.34780093668874
2025-11-09 17:43:21,wall_sit,0,1.0,excellent,177.70317750047755,173.9827208803789
2025-11-09 17:43:21,wall_sit,0,1.0,excellent,177.54795262935255,171.96919699043468
2025-11-09 17:43:21,wall_sit,0,1.0,excellent,175.72053646888895,173.45726530963142
2025-11-09 17:43:21,wall_sit,0,1.0,excellent,179.62056328903276,174.24738884387742
2025-11-09 17:43:22,wall_sit,0,1.0,excellent,177.51191503216006,171.86989764533848
2025-11-09 17:43:22,wall_sit,0,1.0,excellent,179.3840824995981,170.79295675818193
2025-11-09 17:43:22,wall_sit,0,1.0,excellent,179.9807708871556,168.65184864039128
2025-11-09 17:43:22,wall_sit,0,1.0,excellent,179.30018908776668,165.9043826882593
2025-11-09 17:43:22,wall_sit,0,1.0,excellent,178.37436785264273,168.02796901717406
2025-11-09 17:43:22,wall_sit,0,1.0,excellent,178.401933095625,168.2002357896931
2025-11-09 17:43:22,wall_sit,0,1.0,excellent,160.18996103497318,159.29349079525707
2025-11-09 17:43:23,wall_sit,0,1.0,excellent,162.7710999560996,159.21142568636958
2025-11-09 17:43:23,wall_sit,0,1.0,excellent,172.95667909836197,156.08174694074293
2025-11-09 17:43:23,wall_sit,0,1.0,excellent,176.63353933551855,149.63350811829795
2025-11-09 17:43:23,wall_sit,0,1.0,excellent,173.60512498459505,146.5708207621391
2025-11-09 17:43:23,wall_sit,0,1.0,excellent,163.344753284149,139.87461443007751
2025-11-09 17:43:23,wall_sit,0,1.0,excellent,121.47212652601752,155.02770691805333
2025-11-09 17:43:23,wall_sit,0,1.0,excellent,162.31279342396027,161.54168855168808
2025-11-09 17:43:24,wall_sit,0,1.0,excellent,160.42489417713023,157.13125766382308
2025-11-09 17:43:24,wall_sit,0,1.0,excellent,157.7222450645139,154.14463217118038
2025-11-09 17:43:24,wall_sit,0,1.0,excellent,155.97622478905535,151.9166210206584
2025-11-09 17:43:24,wall_sit,0,1.0,excellent,155.38506019927596,150.25661710191383
2025-11-09 17:43:24,wall_sit,0,1.0,excellent,153.9938287319197,145.17381089845478
2025-11-09 17:43:24,wall_sit,0,1.0,excellent,149.71386745506018,138.58988062908776
2025-11-09 17:43:24,wall_sit,0,1.0,excellent,144.88991563855868,133.1245307999695
2025-11-09 17:43:24,wall_sit,0,1.0,excellent,137.28885126246567,125.12843969839064
2025-11-09 17:43:25,wall_sit,0,1.0,excellent,128.10198634408266,114.64426626435917
2025-11-09 17:43:25,wall_sit,0,1.0,excellent,124.14221092185011,112.94005766458505
2025-11-09 17:43:25,wall_sit,0,1.0,excellent,118.93027153367322,107.4631867844846
2025-11-09 17:43:25,wall_sit,0,1.0,excellent,115.93847350117873,102.95234169124129
2025-11-09 17:43:25,wall_sit,0,1.0,excellent,114.54867621645789,102.0179919728762
2025-11-09 17:43:25,wall_sit,0,1.0,excellent,113.5715345561871,98.44519970641295
2025-11-09 17:43:25,wall_sit,0,1.0,excellent,111.82481462371024,96.88445756193218
2025-11-09 17:43:25,wall_sit,0,1.0,excellent,110.48088128506011,96.22247838505375
2025-11-09 17:43:26,wall_sit,0,1.0,excellent,109.79710798443384,95.42366174356826
2025-11-09 17:43:26,wall_sit,0,1.0,excellent,104.81238380693243,92.2335645461681
2025-11-09 17:43:26,wall_sit,0,1.0,excellent,103.85131860813958,90.66861254821112
2025-11-09 17:43:26,wall_sit,0,1.0,excellent,102.09581318146222,88.31531568210598
2025-11-09 17:43:26,wall_sit,1,1.0,excellent,101.81561907411806,86.18490262936108
2025-11-09 17:43:26,wall_sit,1,1.0,excellent,99.84697314482248,83.85778989555531
2025-11-09 17:43:26,wall_sit,1,1.0,excellent,98.42785225694121,82.07762980780076
2025-11-09 17:43:27,wall_sit,1,1.0,excellent,95.33997736928355,80.54750743817944
2025-11-09 17:43:27,wall_sit,1,1.0,excellent,94.58687838933642,80.76274143955708
2025-11-09 17:43:27,wall_sit,1,1.0,excellent,91.69329907300987,77.30041551041954
2025-11-09 17:43:27,wall_sit,1,1.0,excellent,91.15033030559034,76.93068210373484
2025-11-09 17:43:27,wall_sit,1,1.0,excellent,87.70938995736465,75.9942817180761
2025-11-09 17:43:27,wall_sit,1,1.0,excellent,85.80524853389505,74.273652550689
2025-11-09 17:43:27,wall_sit,1,1.0,excellent,85.80524853389505,73.72233762149858
2025-11-09 17:43:28,wall_sit,1,1.0,excellent,87.27368900609756,73.72233762149858
2025-11-09 17:43:28,wall_sit,1,1.0,excellent,87.96338280291144,73.72233762149858
2025-11-09 17:43:28,wall_sit,1,1.0,excellent,86.91727159673866,74.46746344841135
2025-11-09 17:43:28,wall_sit,1,1.0,excellent,85.80124737852404,72.95289798389398
2025-11-09 17:43:28,wall_sit,1,1.0,excellent,86.49051472223515,72.72310123146937
2025-11-09 17:43:28,wall_sit,1,1.0,excellent,85.99427570668217,72.49806004969217
2025-11-09 17:43:28,wall_sit,1,1.0,excellent,88.80186398157024,73.83888138236578
2025-11-09 17:43:28,wall_sit,1,1.0,excellent,88.11794203827462,73.26082949111621
2025-11-09 17:43:29,wall_sit,1,1.0,excellent,88.53119928561625,73.26082949111621
2025-11-09 17:43:29,wall_sit,1,1.0,excellent,82.33182756245667,71.89965884369856
2025-11-09 17:43:29,wall_sit,1,1.0,excellent,84.59346793614051,72.204308103938
2025-11-09 17:43:29,wall_sit,1,1.0,excellent,85.01813645953713,71.9958383941136
2025-11-09 17:43:29,wall_sit,1,1.0,excellent,85.01813645953713,71.9958383941136
2025-11-09 17:43:29,wall_sit,1,1.0,excellent,82.15601912079855,71.9958383941136
2025-11-09 17:43:29,wall_sit,1,1.0,excellent,82.05852084928871,71.9958383941136
2025-11-09 17:43:29,wall_sit,1,1.0,excellent,82.05852084928871,71.9958383941136
2025-11-09 17:43:30,wall_sit,1,1.0,excellent,81.5145732053341,71.21545414912073
2025-11-09 17:43:30,wall_sit,1,1.0,excellent,80.50093943000263,71.21545414912073
2025-11-09 17:43:30,wall_sit,1,1.0,excellent,79.43223366050752,72.2334802479591
2025-11-09 17:43:30,wall_sit,1,1.0,excellent,78.76139332468057,71.98426816415949
2025-11-09 17:43:30,wall_sit,1,1.0,excellent,76.31186591396785,71.9958383941136
2025-11-09 17:43:30,wall_sit,1,1.0,excellent,76.84893478109394,72.2334802479591
2025-11-09 17:43:30,wall_sit,1,1.0,excellent,77.54506781754078,71.31984962335399
2025-11-09 17:43:31,wall_sit,1,1.0,excellent,77.54506781754078,70.54747115452457
2025-11-09 17:43:31,wall_sit,1,1.0,excellent,77.88005997921888,70.57012666125696
2025-11-09 17:43:31,wall_sit,2,1.0,excellent,78.59367586310262,70.87893786701655
2025-11-09 17:43:31,wall_sit,2,1.0,excellent,79.05637628146842,70.87893786701655
2025-11-09 17:43:31,wall_sit,2,1.0,excellent,78.38959558808887,70.87893786701655
2025-11-09 17:43:31,wall_sit,2,1.0,excellent,78.38959558808887,70.87893786701655
2025-11-09 17:43:31,wall_sit,2,1.0,excellent,80.42383639764668,73.83760627387666
2025-11-09 17:43:32,wall_sit,2,1.0,excellent,86.20064540676695,80.36529328133454
2025-11-09 17:43:32,wall_sit,2,1.0,excellent,92.7492562825798,82.90109126778036
2025-11-09 17:43:32,wall_sit,2,1.0,excellent,95.39464473310899,83.3895558788142
2025-11-09 17:43:32,wall_sit,2,1.0,excellent,96.15691720526188,86.02170647566793
2025-11-09 17:43:32,wall_sit,2,1.0,excellent,97.12778065532704,86.58341180823366
2025-11-09 17:43:32,wall_sit,2,1.0,excellent,97.9581645870476,86.58341180823366
2025-11-09 17:43:32,wall_sit,2,1.0,excellent,97.19478803116223,86.22939134938363
2025-11-09 17:43:32,wall_sit,2,1.0,excellent,96.0875433420457,86.22939134938363
2025-11-09 17:43:33,wall_sit,2,1.0,excellent,95.3537458946667,86.22939134938363
2025-11-09 17:43:33,wall_sit,2,1.0,excellent,94.80631329221357,85.37283750213007
2025-11-09 17:43:33,wall_sit,2,1.0,excellent,95.3815999418225,85.93999272324828
2025-11-09 17:43:33,wall_sit,2,1.0,excellent,94.83347197852517,85.92887380634666
2025-11-09 17:43:33,wall_sit,2,1.0,excellent,94.25676729808023,85.36727642483861
2025-11-09 17:43:33,wall_sit,2,1.0,excellent,93.4777865197938,85.36727642483861
2025-11-09 17:43:33,wall_sit,2,1.0,excellent,94.01265031973787,85.36727642483861
2025-11-09 17:43:34,wall_sit,2,1.0,excellent,94.6206706100123,85.36727642483861
2025-11-09 17:43:34,wall_sit,2,1.0,excellent,97.79207807820795,86.22939134938363
2025-11-09 17:43:34,wall_sit,2,1.0,excellent,97.71189241264861,86.22939134938363
2025-11-09 17:43:34,wall_sit,2,1.0,excellent,97.71189241264848,86.22939134938363
2025-11-09 17:43:34,wall_sit,2,1.0,excellent,97.71189241264848,86.79098873089168
2025-11-09 17:43:34,wall_sit,2,1.0,excellent,96.30824680494406,86.79098873089168
2025-11-09 17:43:34,wall_sit,2,1.0,excellent,96.87948225415124,86.79098873089168
2025-11-09 17:43:34,wall_sit,2,1.0,excellent,96.87948225415124,86.79098873089168
2025-11-09 17:43:35,wall_sit,2,1.0,excellent,95.49318987799477,85.92887380634666
2025-11-09 17:43:35,wall_sit,2,1.0,excellent,94.5071550970377,85.06911081996789
2025-11-09 17:43:35,wall_sit,2,1.0,excellent,94.5071550970377,84.50751343845985
2025-11-09 17:43:35,wall_sit,2,1.0,excellent,94.5071550970377,84.03551289875567
2025-11-09 17:43:35,wall_sit,2,1.0,excellent,94.04538396040337,83.19094982039664
2025-11-09 17:43:35,wall_sit,2,1.0,excellent,93.26576830139673,82.98349825528787
2025-11-09 17:43:35,wall_sit,2,1.0,excellent,93.26576830139673,82.98349825528787
2025-11-09 17:43:36,wall_sit,2,1.0,excellent,93.19593801359176,82.98349825528774
2025-11-09 17:43:36,wall_sit,2,1.0,excellent,93.24343906348909,82.11686068328213
2025-11-09 17:43:36,wall_sit,2,1.0,excellent,93.31326935129407,82.98349825528764
2025-11-09 17:43:36,wall_sit,2,1.0,excellent,93.91804148179735,82.98349825528764
2025-11-09 17:43:36,wall_sit,2,1.0,excellent,92.86770695455706,83.54520358785334
2025-11-09 17:43:36,wall_sit,2,1.0,excellent,93.10074122310908,82.67856601584782
2025-11-09 17:43:36,wall_sit,2,1.0,excellent,91.71679821128765,82.23483398158629
2025-11-09 17:43:36,wall_sit,2,1.0,excellent,91.64883171942739,82.23483398158629
2025-11-09 17:43:37,wall_sit,2,1.0,excellent,91.7186620072324,82.23483398158629
2025-11-09 17:43:37,wall_sit,2,1.0,excellent,91.54935925460191,82.68412709313931
2025-11-09 17:43:37,wall_sit,2,1.0,excellent,91.05521353359438,82.23483398158629
2025-11-09 17:43:37,wall_sit,2,1.0,excellent,91.05521353359438,82.23483398158629
2025-11-09 17:43:37,wall_sit,2,1.0,excellent,90.48417816048034,81.66189528390379
2025-11-09 17:43:37,wall_sit,2,1.0,excellent,90.17611352172935,81.66189528390379
2025-11-09 17:43:37,wall_sit,2,1.0,excellent,89.91187531248531,81.66189528390379
2025-11-09 17:43:38,wall_sit,2,1.0,excellent,89.69535383441993,80.93811742182528
2025-11-09 17:43:38,wall_sit,2,1.0,excellent,89.27979852967009,79.97041138213145
2025-11-09 17:43:38,wall_sit,2,1.0,excellent,88.54003684519138,79.12788712139228
2025-11-09 17:43:38,wall_sit,2,1.0,excellent,88.12793083284437,79.1334481986835
2025-11-09 17:43:38,wall_sit,2,1.0,excellent,87.96709877559965,79.12788712139228
2025-11-09 17:43:38,wall_sit,2,1.0,excellent,87.87785308529483,79.12788712139228
2025-11-09 17:43:38,wall_sit,2,1.0,excellent,86.69974772687698,79.27846700995758
2025-11-09 17:43:38,wall_sit,2,1.0,excellent,86.23105662383782,78.4520835799855
2025-11-09 17:43:39,wall_sit,2,1.0,excellent,86.23105662383782,78.4520835799855
2025-11-09 17:43:39,wall_sit,2,1.0,excellent,86.23105662383782,78.4520835799855
2025-11-09 17:43:39,wall_sit,2,1.0,excellent,86.23105662383782,78.45764465727672
2025-11-09 17:43:39,wall_sit,2,1.0,excellent,85.75930739810158,78.45764465727672
2025-11-09 17:43:39,wall_sit,2,1.0,excellent,85.07406382870231,78.05368605973463
2025-11-09 17:43:39,wall_sit,2,1.0,excellent,84.91740396166483,78.2069144814446
2025-11-09 17:43:39,wall_sit,2,1.0,excellent,84.63514842954207,77.40716695307549
2025-11-09 17:43:40,wall_sit,2,1.0,excellent,84.63514842954207,77.96876433458355
2025-11-09 17:43:40,wall_sit,2,1.0,excellent,84.60679750247522,77.40716695307549
2025-11-09 17:43:40,wall_sit,2,1.0,excellent,84.60679750247522,77.40716695307549
2025-11-09 17:43:40,wall_sit,2,1.0,excellent,85.81508387488682,76.62282665582853
2025-11-09 17:43:40,wall_sit,2,1.0,excellent,86.20780285916099,76.6119235580511
2025-11-09 17:43:40,wall_sit,2,1.0,excellent,87.16681774028058,76.6119235580511
2025-11-09 17:43:40,wall_sit,2,1.0,excellent,87.16681774028058,76.6119235580511
2025-11-09 17:43:40,wall_sit,2,1.0,excellent,88.84266693187195,77.41807005085295
2025-11-09 17:43:41,wall_sit,2,1.0,excellent,87.71227360539572,77.57766790969916
2025-11-09 17:43:41,wall_sit,2,1.0,excellent,87.377818195652,77.57766790969916
2025-11-09 17:43:41,wall_sit,2,1.0,excellent,86.10581975515386,77.57766790969916
2025-11-09 17:43:41,wall_sit,2,1.0,excellent,85.34489455141338,76.79284330670835
2025-11-09 17:43:41,wall_sit,2,1.0,excellent,83.94976417710835,76.6119235580511
2025-11-09 17:43:41,wall_sit,2,1.0,excellent,84.55836050289949,77.24306328700246
2025-11-09 17:43:41,wall_sit,2,1.0,excellent,84.55836050289949,77.25396638477989
2025-11-09 17:43:42,wall_sit,2,1.0,excellent,85.06749847917757,77.25396638477989
2025-11-09 17:43:42,wall_sit,2,1.0,excellent,84.94439539770462,77.26465988587113
2025-11-09 17:43:42,wall_sit,2,1.0,excellent,86.51168545922701,77.26465988587113
2025-11-09 17:43:42,wall_sit,2,1.0,excellent,86.96220792145353,77.26465988587113
2025-11-09 17:43:42,wall_sit,2,1.0,excellent,88.19974467663572,79.29308972979648
2025-11-09 17:43:42,wall_sit,2,1.0,excellent,97.72307165846757,89.09061955080224
2025-11-09 17:43:42,wall_sit,2,1.0,excellent,106.54785868357999,101.12827710103572
2025-11-09 17:43:42,wall_sit,2,1.0,excellent,121.7293561235503,118.31479282809418
2025-11-09 17:43:43,wall_sit,2,1.0,excellent,126.31866241582392,124.96402207241364
2025-11-09 17:43:43,wall_sit,2,1.0,excellent,137.40966313093494,134.86742226620444
2025-11-09 17:43:43,wall_sit,2,1.0,excellent,146.95187512992015,147.9833415830178
2025-11-09 17:43:43,wall_sit,2,1.0,excellent,152.43391475733034,148.58754143223118
2025-11-09 17:43:43,wall_sit,2,1.0,excellent,154.7212308262345,153.21540145579917
2025-11-09 17:43:43,wall_sit,2,1.0,excellent,152.75221413491232,154.801888750771
2025-11-09 17:43:43,wall_sit,2,1.0,excellent,154.0190482735465,155.58720869104206
2025-11-09 17:43:44,wall_sit,2,1.0,excellent,153.08398365955156,155.42476402570458
2025-11-09 17:43:44,wall_sit,2,1.0,excellent,153.08398365955156,154.73200160660963
2025-11-09 17:43:44,wall_sit,2,1.0,excellent,153.12767242317307,155.08979338479656
2025-11-09 17:43:44,wall_sit,2,1.0,excellent,153.50747508723654,156.6068307168405
2025-11-09 17:43:44,wall_sit,2,1.0,excellent,154.6017076704278,157.16732535416588
2025-11-09 17:43:44,wall_sit,2,1.0,excellent,157.15046561736884,158.77418562648904
2025-11-09 17:43:44,wall_sit,2,1.0,excellent,158.2621072447639,159.7738274391508
2025-11-09 17:43:44,wall_sit,2,1.0,excellent,164.99999951177648,160.95067107590572
2025-11-09 17:43:45,wall_sit,2,1.0,excellent,165.7547403150076,162.62486842622155
2025-11-09 17:43:45,wall_sit,2,1.0,excellent,167.5953940609545,163.51124629388377
2025-11-09 17:43:45,wall_sit,2,1.0,excellent,171.7249851072239,164.76736972329434
2025-11-09 17:43:45,wall_sit,2,1.0,excellent,175.02232905943458,165.404791050981
2025-11-09 17:43:45,wall_sit,2,1.0,excellent,175.27744215916528,165.73226300920487
2025-11-09 17:43:45,wall_sit,2,1.0,excellent,177.0707838900485,166.29686777571877
2025-11-09 17:43:45,wall_sit,2,1.0,excellent,177.6852126247267,166.1205070145579
2025-11-09 17:43:46,wall_sit,2,1.0,excellent,176.49074178258726,167.01155067595542
2025-11-09 17:43:46,wall_sit,2,1.0,excellent,175.90684760581973,167.57473431196345
2025-11-09 17:43:46,wall_sit,2,1.0,excellent,175.90684760581973,167.65418561931148
2025-11-09 17:43:46,wall_sit,2,1.0,excellent,176.09304493384926,167.33206340932668
2025-11-09 17:43:46,wall_sit,2,1.0,excellent,175.68438011294523,167.33206340932668
2025-11-09 17:43:46,wall_sit,2,1.0,excellent,177.32698738872872,167.00590096724332
2025-11-09 17:43:46,wall_sit,2,1.0,excellent,176.95836154082923,167.66684299675026
2025-11-09 17:43:46,wall_sit,2,1.0,excellent,170.21198288463233,167.90859590601556
2025-11-09 17:43:47,wall_sit,2,1.0,excellent,166.6738958158645,166.38078008707123
2025-11-09 17:43:47,wall_sit,2,1.0,excellent,159.589552297149,163.66682132618436
2025-11-09 17:43:47,wall_sit,2,1.0,excellent,154.4185927308985,163.05931221124055
2025-11-09 17:43:47,wall_sit,2,1.0,excellent,152.46958072680533,160.95580912305346
2025-11-09 17:43:47,wall_sit,2,1.0,excellent,151.67134990351863,160.29837515083565
2025-11-09 17:43:47,wall_sit,2,1.0,excellent,150.60845525434408,158.75645941582255
2025-11-09 17:43:47,wall_sit,2,1.0,excellent,151.52517010963018,159.0754982549115
2025-11-09 17:43:48,wall_sit,2,1.0,excellent,152.46938103540603,159.0754982549115
2025-11-09 17:43:48,wall_sit,2,1.0,excellent,158.26476963247572,159.62356478599145
2025-11-09 17:43:48,wall_sit,2,1.0,excellent,158.26476963247572,159.62356478599145
2025-11-09 17:43:48,wall_sit,2,1.0,excellent,157.24035982889941,159.62356478599145
2025-11-09 17:43:48,wall_sit,2,1.0,excellent,156.1379411760114,160.7793367039345
2025-11-09 17:43:48,wall_sit,2,1.0,excellent,155.6134756803044,160.7793367039345
2025-11-09 17:43:48,wall_sit,2,1.0,excellent,156.1379411760114,160.73246261062033
2025-11-09 17:43:49,wall_sit,2,1.0,excellent,156.1379411760114,160.7793367039345
2025-11-09 17:43:49,wall_sit,2,1.0,excellent,156.7173261190667,160.7793367039345
2025-11-09 17:43:49,wall_sit,2,1.0,excellent,158.0987944212349,161.61607144791589
2025-11-09 17:43:49,wall_sit,2,1.0,excellent,158.181025538409,161.61607144791589
2025-11-09 17:43:49,wall_sit,2,1.0,excellent,157.5045818448833,161.61607144791589
2025-11-09 17:43:49,wall_sit,2,1.0,excellent,156.49919603265187,161.61607144791589
2025-11-09 17:43:49,wall_sit,2,1.0,excellent,157.36001193736774,161.61607144791589
2025-11-09 17:43:49,wall_sit,2,1.0,excellent,157.36001193736774,161.61607144791589
2025-11-09 17:43:50,wall_sit,2,1.0,excellent,157.70037890088415,161.94006088403512
2025-11-09 17:43:50,wall_sit,2,1.0,excellent,159.2149699832358,161.39370287401786
2025-11-09 17:43:50,wall_sit,2,1.0,excellent,157.70037890088415,161.39370287401786
2025-11-09 17:43:50,wall_sit,2,1.0,excellent,157.70037890088415,161.39370287401786
2025-11-09 17:43:50,wall_sit,2,1.0,excellent,157.70037890088415,161.81396968158472
2025-11-09 17:43:50,wall_sit,2,1.0,excellent,157.70037890088415,162.42833585166736
2025-11-09 17:43:50,wall_sit,2,1.0,excellent,158.11616377758102,162.42833585166736
2025-11-09 17:43:51,wall_sit,2,1.0,excellent,156.9451276952747,162.42833585166736
2025-11-09 17:43:51,wall_sit,2,1.0,excellent,156.40966870971363,162.42833585166736
2025-11-09 17:43:51,wall_sit,2,1.0,excellent,156.9451276952747,162.37231830888894
2025-11-09 17:43:51,wall_sit,2,1.0,excellent,157.5001038691876,162.37231830888894
2025-11-09 17:43:51,wall_sit,2,1.0,excellent,159.00128096545305,162.69453460633736
2025-11-09 17:43:51,wall_sit,2,1.0,excellent,160.78088584640162,163.30925590257115
2025-11-09 17:43:51,wall_sit,2,1.0,excellent,161.9032179555305,163.30925590257115
2025-11-09 17:43:51,wall_sit,2,1.0,excellent,162.6200507082705,164.2135966965219
2025-11-09 17:43:52,wall_sit,2,1.0,excellent,161.94134984003395,164.2135966965219
2025-11-09 17:43:52,wall_sit,2,1.0,excellent,161.7274767644904,164.27573960003983
2025-11-09 17:43:52,wall_sit,2,1.0,excellent,161.83154125293885,164.27573960003983
2025-11-09 17:43:52,wall_sit,2,1.0,excellent,161.7274767644904,164.27573960003983
2025-11-09 17:43:52,wall_sit,2,1.0,excellent,161.40507626319868,164.27573960003983
2025-11-09 17:43:52,wall_sit,2,1.0,excellent,161.08155396600185,163.78965648946252
2025-11-09 17:43:52,wall_sit,2,1.0,excellent,160.18089514678908,163.78965648946252
2025-11-09 17:43:53,wall_sit,2,1.0,excellent,158.7268345059402,163.73147746629257
2025-11-09 17:43:53,wall_sit,2,1.0,excellent,159.30226136976717,164.27573960003983
2025-11-09 17:43:53,wall_sit,2,1.0,excellent,160.18089514678908,164.59421549096245
2025-11-09 17:43:53,wall_sit,2,1.0,excellent,159.2123981486845,164.339073155133
2025-11-09 17:43:53,wall_sit,2,1.0,excellent,160.4241140961476,164.339073155133
2025-11-09 17:43:53,wall_sit,2,1.0,excellent,160.31845977922964,164.339073155133
2025-11-09 17:43:53,wall_sit,2,1.0,excellent,159.881962797255,164.339073155133
2025-11-09 17:43:53,wall_sit,2,1.0,excellent,160.75976698042413,164.9706290910051
2025-11-09 17:43:54,wall_sit,2,1.0,excellent,163.35431204049047,164.9706290910051
2025-11-09 17:43:54,wall_sit,2,1.0,excellent,163.13580249955587,165.5188209360168
2025-11-09 17:43:54,wall_sit,2,1.0,excellent,162.6200507082705,165.5188209360168
2025-11-09 17:43:54,wall_sit,2,1.0,excellent,158.6030274082308,162.92799571432707
2025-11-09 17:43:54,wall_sit,2,1.0,excellent,155.89899223517114,158.41061384044235
2025-11-09 17:43:54,wall_sit,2,1.0,excellent,149.90734024359227,156.33932853524078
2025-11-09 17:43:54,wall_sit,2,1.0,excellent,173.92822022327329,156.04756115313253
2025-11-09 17:43:54,wall_sit,2,1.0,excellent,179.91127252877016,158.88782072598326
2025-11-09 17:43:55,wall_sit,2,1.0,excellent,176.35999560137725,161.60980396013187
2025-11-09 17:43:55,wall_sit,2,1.0,excellent,177.52890799797495,162.8204670827398
2025-11-09 17:43:55,wall_sit,2,1.0,excellent,179.12916139790727,169.28322616892962
2025-11-09 17:43:55,wall_sit,2,1.0,excellent,177.88551567042006,175.55307435959233
2025-11-09 17:43:55,wall_sit,2,1.0,excellent,170.9703149354165,172.0414916411237
2025-11-09 17:43:55,wall_sit,2,1.0,excellent,177.67742434827312,174.35986483237824
2025-11-09 17:43:55,wall_sit,2,1.0,excellent,176.6217467442483,178.83248477559306
2025-11-09 17:43:56,wall_sit,2,1.0,excellent,177.17603970960144,179.50499261560446
2025-11-09 17:43:56,wall_sit,2,1.0,excellent,178.57502572557533,163.1140628513007
2025-11-09 17:43:56,wall_sit,2,1.0,excellent,178.55142779466163,150.089559371607
2025-11-09 17:43:56,wall_sit,2,1.0,excellent,177.50521724671907,176.7587282239594
2025-11-09 17:43:56,wall_sit,2,1.0,excellent,176.7259584895087,176.78304710685325
2025-11-09 17:43:56,wall_sit,2,1.0,excellent,176.12867920860828,179.0607021386139
2025-11-09 17:43:56,wall_sit,2,1.0,excellent,169.03513623444212,173.41383437527142
2025-11-09 17:43:57,wall_sit,2,1.0,excellent,175.6449730752014,168.4631761284593
2025-11-09 17:43:57,wall_sit,2,1.0,excellent,179.98795283351487,176.4356402201233
2025-11-09 17:43:57,wall_sit,2,1.0,excellent,174.20149978371882,177.32768776491264
2025-11-09 17:43:57,wall_sit,2,1.0,excellent,176.59901896349817,165.6715746747375
2025-11-09 17:43:57,wall_sit,2,1.0,excellent,177.8298829844832,170.239651325612
2025-11-09 17:43:57,wall_sit,2,1.0,excellent,169.81172872017726,174.04579428562258
2025-11-09 17:43:57,wall_sit,2,1.0,excellent,166.24203929552797,172.14110082915008
2025-11-09 17:43:57,wall_sit,2,1.0,excellent,157.60167758286568,172.53010134864817
2025-11-09 17:43:58,wall_sit,2,1.0,excellent,175.5626362767387,161.2005000444633
2025-11-09 17:45:18,wall_sit,2,1.0,excellent,179.82288841088717,161.94727541578055
2025-11-09 17:45:18,wall_sit,2,1.0,excellent,177.7787470840776,156.07547146636935
2025-11-09 17:45:18,wall_sit,2,1.0,excellent,170.21610002283992,162.18741992078594
2025-11-09 17:45:18,wall_sit,2,1.0,excellent,170.10084679179457,170.66105544172618
2025-11-09 17:45:18,wall_sit,2,1.0,excellent,177.7984251351368,175.28714788267712
2025-11-09 17:45:18,wall_sit,2,1.0,excellent,179.88153027372297,176.9397442241163
2025-11-09 17:45:18,wall_sit,2,1.0,excellent,179.7297388909923,176.00521698441955
2025-11-09 17:45:19,wall_sit,2,1.0,excellent,176.96784918121008,179.4489979124063
2025-11-09 17:45:19,wall_sit,2,1.0,excellent,175.40138331562312,164.08281184827945
2025-11-09 17:45:19,wall_sit,2,1.0,excellent,177.3843547021227,160.253924239054
2025-11-09 17:45:19,wall_sit,2,1.0,excellent,176.9407022948108,161.20011484124333
2025-11-09 17:45:19,wall_sit,2,1.0,excellent,177.8394360390272,165.754228486126
2025-11-09 17:45:19,wall_sit,2,1.0,excellent,177.59251221794256,172.0644496297686
2025-11-09 17:45:19,wall_sit,2,1.0,excellent,155.50764409159189,171.61407666183572
2025-11-09 17:45:20,wall_sit,2,1.0,excellent,149.37228524226782,176.7019176322101
2025-11-09 17:45:20,wall_sit,2,1.0,excellent,147.4766913215619,178.6245047257714
2025-11-09 17:45:20,wall_sit,2,1.0,excellent,168.91536217525493,176.3423698863954
2025-11-09 17:45:20,wall_sit,2,1.0,excellent,174.28114688651482,173.49204083543637
2025-11-09 17:45:20,wall_sit,2,1.0,excellent,176.16217245092756,173.30699486907415
2025-11-09 17:45:20,wall_sit,2,1.0,excellent,174.6110422843359,171.21220790179885
2025-11-09 17:45:20,wall_sit,2,1.0,excellent,172.29035313003587,174.13323079501887
2025-11-09 17:45:21,wall_sit,2,1.0,excellent,174.2649031621033,173.1407359355433
2025-11-09 17:45:21,wall_sit,2,1.0,excellent,173.1887071521502,172.25650006107935
2025-11-09 17:45:21,wall_sit,2,1.0,excellent,175.51165546611472,179.9999100817853
2025-11-09 17:45:21,wall_sit,2,1.0,excellent,174.46439342788068,174.083408487828
2025-11-09 17:45:21,wall_sit,2,1.0,excellent,173.50837191424856,169.02099826709292
2025-11-09 17:45:21,wall_sit,2,1.0,excellent,172.82121614838096,176.18377090436823
2025-11-09 17:45:21,wall_sit,2,1.0,excellent,175.13476109623335,167.72199536537883
2025-11-09 17:45:21,wall_sit,2,1.0,excellent,174.71710336068335,162.2116587190939
2025-11-09 17:45:22,wall_sit,2,1.0,excellent,170.36135350102722,166.42283249033005
2025-11-09 17:45:22,wall_sit,2,1.0,excellent,170.5880531073724,164.43848967439882
2025-11-09 17:45:22,wall_sit,2,1.0,excellent,172.47963969197596,169.95065141141197
2025-11-09 17:45:22,wall_sit,2,1.0,excellent,175.39248509025825,168.35870438985393
2025-11-09 17:45:22,wall_sit,2,1.0,excellent,174.87648892049103,168.76030638201982
2025-11-09 17:45:22,wall_sit,2,1.0,excellent,173.61256570189593,172.07808866846327
2025-11-09 17:45:22,wall_sit,2,1.0,excellent,170.40786265330146,174.17429707128994
2025-11-09 17:45:23,wall_sit,2,1.0,excellent,171.04597711784626,176.12659304230561
2025-11-09 17:45:23,wall_sit,2,1.0,excellent,169.92161788316812,174.20836620922398
2025-11-09 17:45:23,wall_sit,2,1.0,excellent,172.4915082299178,175.38534129629352
2025-11-09 17:45:23,wall_sit,2,1.0,excellent,173.24548319901038,174.7828391824565
2025-11-09 17:45:23,wall_sit,2,1.0,excellent,175.0834339931603,173.42545350276308
2025-11-09 17:45:23,wall_sit,2,1.0,excellent,176.9508747196806,173.47411921542678
2025-11-09 17:45:23,wall_sit,2,1.0,excellent,176.8886235852323,172.97670062617905
2025-11-09 17:45:23,wall_sit,2,1.0,excellent,175.3689529350641,169.5003061825562
2025-11-09 17:45:24,wall_sit,2,1.0,excellent,173.91291887876707,172.2904559600396
2025-11-09 17:45:24,wall_sit,2,1.0,excellent,169.91492210435695,177.7107253344615
2025-11-09 17:45:24,wall_sit,2,1.0,excellent,162.23634833870213,178.81699518312226
2025-11-09 17:45:24,wall_sit,2,1.0,excellent,165.52425039274638,175.71231532457705
2025-11-09 17:45:24,wall_sit,2,1.0,excellent,165.77801908890257,166.94883575815265
2025-11-09 17:45:24,wall_sit,2,1.0,excellent,178.24136437481346,164.86046447856944
2025-11-09 17:45:24,wall_sit,2,1.0,excellent,169.81396408165702,172.83067137835693
2025-11-09 17:45:24,wall_sit,2,1.0,excellent,179.17601103519476,175.44144400533762
2025-11-09 17:45:25,wall_sit,2,1.0,excellent,165.94649616808746,174.81856398657408
2025-11-09 17:45:25,wall_sit,2,1.0,excellent,175.57002476486753,177.10590018661176
2025-11-09 17:45:25,wall_sit,2,1.0,excellent,171.9256526226852,178.95685635639518
2025-11-09 17:45:25,wall_sit,2,1.0,excellent,165.69043261705846,150.16405895519864
2025-11-09 17:45:25,wall_sit,2,1.0,excellent,169.14760022604708,178.99104853804715
2025-11-09 17:45:25,wall_sit,2,1.0,excellent,177.0489491280635,175.37340220260688
2025-11-09 17:45:25,wall_sit,2,1.0,excellent,168.55250409881106,171.7997498685583
2025-11-09 17:45:26,wall_sit,2,1.0,excellent,176.59345133875996,175.02965832278278
2025-11-09 17:45:26,wall_sit,2,1.0,excellent,176.19929065993657,172.40977948515777
2025-11-09 17:45:26,wall_sit,2,1.0,excellent,178.71533498117904,165.9359415892154
2025-11-09 17:45:26,wall_sit,2,1.0,excellent,173.2299145350723,146.02737159032407
2025-11-09 17:45:26,wall_sit,2,1.0,excellent,170.97363159054714,161.70883255150596
2025-11-09 17:45:26,wall_sit,2,1.0,excellent,170.51692430079305,174.62361851447577
2025-11-09 17:45:26,wall_sit,2,1.0,excellent,163.95847165310826,179.78524073282495
2025-11-09 17:45:26,wall_sit,2,1.0,excellent,161.82242796562588,167.03903747007078
2025-11-09 17:45:27,wall_sit,2,1.0,excellent,154.2529674848987,177.21527827785235
2025-11-09 17:45:27,wall_sit,2,1.0,excellent,152.9144187815301,172.23483398143875
2025-11-09 17:45:27,wall_sit,2,1.0,excellent,143.46946348899783,131.53416272958071
2025-11-09 17:45:27,wall_sit,2,1.0,excellent,167.1731121434329,166.01692967903114
2025-11-09 17:45:27,wall_sit,2,1.0,excellent,161.76765703974257,173.35815766717081
2025-11-09 17:45:27,wall_sit,2,1.0,excellent,160.22742325490296,168.83555896148974
2025-11-09 17:45:27,wall_sit,2,1.0,excellent,159.3447520787196,169.8433694829936
2025-11-09 17:45:28,wall_sit,2,1.0,excellent,158.41688218634775,166.649139904885
2025-11-09 17:45:28,wall_sit,2,1.0,excellent,156.74926240488253,167.38267972628222
2025-11-09 17:45:28,wall_sit,2,1.0,excellent,160.4795252151034,167.2049856472992
2025-11-09 17:45:28,wall_sit,2,1.0,excellent,161.57712361252445,167.13254523078558
2025-11-09 17:45:28,wall_sit,2,1.0,excellent,161.77006572027662,166.8286648701313
2025-11-09 17:45:28,wall_sit,2,1.0,excellent,163.55401978103887,166.3168456533058
2025-11-09 17:45:28,wall_sit,2,1.0,excellent,163.5491457751866,167.08341601436987
2025-11-09 17:45:28,wall_sit,2,1.0,excellent,162.17243669821048,167.85347764974625
2025-11-09 17:45:29,wall_sit,2,1.0,excellent,164.04783812136642,169.039575083813
2025-11-09 17:45:29,wall_sit,2,1.0,excellent,164.55050700292176,169.4110828322942
2025-11-09 17:45:29,wall_sit,2,1.0,excellent,163.35654953995947,170.00351893415495
2025-11-09 17:45:29,wall_sit,2,1.0,excellent,160.9356391013877,170.86935373522564
2025-11-09 17:45:29,wall_sit,2,1.0,excellent,154.62647747453664,176.2732694063085
2025-11-09 17:45:29,wall_sit,2,1.0,excellent,158.3568101864129,174.82787263811397
2025-11-09 17:45:29,wall_sit,2,1.0,excellent,173.00306258894423,177.59279620371356
2025-11-09 17:45:30,wall_sit,2,1.0,excellent,165.5260657125078,171.4221519760742
2025-11-09 17:45:30,wall_sit,2,1.0,excellent,170.47211393934563,175.9821721954676
2025-11-09 17:45:30,wall_sit,2,1.0,excellent,174.16469008629048,175.23038535547792
2025-11-09 17:45:30,wall_sit,2,1.0,excellent,177.26031049805945,175.52085562005092
2025-11-09 17:45:30,wall_sit,2,1.0,excellent,175.75079999169088,175.63823624904802
2025-11-09 17:45:30,wall_sit,2,1.0,excellent,177.94052432419335,176.59928335290016
2025-11-09 17:45:30,wall_sit,2,1.0,excellent,179.5771829823511,171.01895788104738
2025-11-09 17:45:30,wall_sit,2,1.0,excellent,177.75864957658243,173.45232501097664
2025-11-09 17:45:31,wall_sit,2,1.0,excellent,175.14240616201832,170.79356580071638
2025-11-09 17:45:31,wall_sit,2,1.0,excellent,175.11974952667865,174.026440740792
2025-11-09 17:45:31,wall_sit,2,1.0,excellent,177.06887606972805,0.0
2025-11-09 17:45:31,wall_sit,2,1.0,excellent,178.39675967110816,0.0
2025-11-09 17:45:31,wall_sit,2,1.0,excellent,179.19809648389375,0.0
2025-11-09 17:45:31,wall_sit,2,1.0,excellent,177.83578239259708,0.0
2025-11-09 17:45:31,wall_sit,2,1.0,excellent,174.06060166258337,0.0
2025-11-09 17:45:32,wall_sit,2,1.0,excellent,179.7615090257186,0.0
2025-11-09 17:45:32,wall_sit,2,1.0,excellent,179.58814924569404,0.0
2025-11-09 17:45:32,wall_sit,2,1.0,excellent,177.95553086913637,0.0
2025-11-09 17:45:32,wall_sit,2,1.0,excellent,179.37564918184793,0.0
2025-11-09 17:45:32,wall_sit,2,1.0,excellent,177.97861280487217,0.0
2025-11-09 17:45:32,wall_sit,2,1.0,excellent,178.4783247774568,0.0
2025-11-09 17:45:35,wall_sit,2,1.0,excellent,173.8966143870281,177.97458252219272
2025-11-09 17:45:35,wall_sit,2,1.0,excellent,175.82641918329315,178.25860738306443
2025-11-09 17:45:35,wall_sit,2,1.0,excellent,176.92666748840077,173.11420623153123
2025-11-09 17:45:35,wall_sit,2,1.0,excellent,178.8434950040192,174.14051667656247
2025-11-09 17:45:35,wall_sit,2,1.0,excellent,176.77963746360172,173.4283234052974
2025-11-09 17:45:36,wall_sit,2,1.0,excellent,179.1933175041949,168.0318050743869
2025-11-09 17:45:36,wall_sit,2,1.0,excellent,178.37502364142236,169.86286289099024
2025-11-09 17:45:36,wall_sit,2,1.0,excellent,176.9086670148684,179.26769069007602
2025-11-09 17:45:36,wall_sit,2,1.0,excellent,175.06620744522615,169.28532320896588
2025-11-09 17:45:36,wall_sit,2,1.0,excellent,170.3086717380974,165.15715474280006
2025-11-09 17:45:36,wall_sit,2,1.0,excellent,169.97220533536623,167.84086735170217
2025-11-09 17:45:36,wall_sit,2,1.0,excellent,166.27429972145097,171.89102626194347
2025-11-09 17:45:37,wall_sit,2,1.0,excellent,161.2651364072116,175.0441256263713
2025-11-09 17:45:37,wall_sit,2,1.0,excellent,166.5999423300538,176.66169337083358
2025-11-09 17:45:37,wall_sit,2,1.0,excellent,172.7763985023537,177.28285568843512
2025-11-09 17:45:37,wall_sit,2,1.0,excellent,170.83022813950595,173.1029402926994
2025-11-09 17:45:37,wall_sit,2,1.0,excellent,167.99392544923182,172.3752745823952
2025-11-09 17:45:37,wall_sit,2,1.0,excellent,165.59851753088293,170.4082564835651
2025-11-09 17:45:37,wall_sit,2,1.0,excellent,170.7620116767727,170.92769339257936
2025-11-09 17:45:37,wall_sit,2,1.0,excellent,173.03359200180714,172.5481925028653
2025-11-09 17:45:38,wall_sit,2,1.0,excellent,172.86341984270072,170.6639276905081
2025-11-09 17:45:38,wall_sit,2,1.0,excellent,172.9484911761828,173.74159814868875
2025-11-09 17:45:38,wall_sit,2,1.0,excellent,178.5633714965426,173.3130906735883
2025-11-09 17:45:38,wall_sit,2,1.0,excellent,178.37973636413102,163.47766145797948
2025-11-09 17:45:38,wall_sit,2,1.0,excellent,175.79619591146573,166.86882026455362
2025-11-09 17:45:38,wall_sit,2,1.0,excellent,178.69768502569838,175.3927028654095
2025-11-09 17:45:38,wall_sit,2,1.0,excellent,158.13458591192972,170.28625812577772
2025-11-09 17:45:39,wall_sit,2,1.0,excellent,157.083237490699,168.11754034246428
2025-11-09 17:45:39,wall_sit,2,1.0,excellent,155.01810372035285,167.4856718909781
2025-11-09 17:45:39,wall_sit,2,1.0,excellent,142.99431769666182,169.27803094043657
2025-11-09 17:45:39,wall_sit,2,1.0,excellent,138.70004691873305,162.30881403427463
2025-11-09 17:45:39,wall_sit,2,1.0,excellent,130.72398349282065,147.20421025999616
2025-11-09 17:45:39,wall_sit,2,1.0,excellent,127.24372071351034,141.1874930834876
2025-11-09 17:45:39,wall_sit,2,1.0,excellent,112.93049724521148,117.95720383283155
2025-11-09 17:45:40,wall_sit,2,1.0,excellent,107.16970181639083,115.82954507233892
2025-11-09 17:45:40,wall_sit,2,1.0,excellent,104.54757946152793,111.56301200963796
2025-11-09 17:45:40,wall_sit,3,1.0,excellent,101.03966148500734,108.91695806617449
2025-11-09 17:45:40,wall_sit,3,1.0,excellent,100.56317351701955,107.71038410581534
2025-11-09 17:45:40,wall_sit,3,1.0,excellent,97.59536136980977,104.57396523756711
2025-11-09 17:45:40,wall_sit,3,1.0,excellent,94.33080382072556,101.56217641452888
2025-11-09 17:45:40,wall_sit,3,1.0,excellent,92.33350028454622,99.17795993304368
2025-11-09 17:45:40,wall_sit,3,1.0,excellent,91.51992938690441,98.55650480193925
2025-11-09 17:45:41,wall_sit,3,1.0,excellent,90.20656091371961,97.7627027962424
2025-11-09 17:45:41,wall_sit,3,1.0,excellent,91.05437010422382,97.33830585963197
2025-11-09 17:45:41,wall_sit,3,1.0,excellent,91.38205252129481,96.2846779407051
2025-11-09 17:45:41,wall_sit,3,1.0,excellent,91.37798324630427,96.23756342364935
2025-11-09 17:45:41,wall_sit,3,1.0,excellent,91.84651305557409,95.78613353103269
2025-11-09 17:45:41,wall_sit,3,1.0,excellent,91.84651305557409,95.78613353103269
2025-11-09 17:45:41,wall_sit,3,1.0,excellent,90.65542056194492,95.32307617984529
2025-11-09 17:45:42,wall_sit,3,1.0,excellent,90.7247959572959,95.72958715371752
2025-11-09 17:45:42,wall_sit,3,1.0,excellent,90.79163024523434,96.21922968878754
2025-11-09 17:45:42,wall_sit,3,1.0,excellent,91.18607276678618,96.1365518536577
2025-11-09 17:45:42,wall_sit,3,1.0,excellent,91.25640882218961,96.59073890271713
2025-11-09 17:45:42,wall_sit,3,1.0,excellent,91.25640882218961,96.67692044316371
2025-11-09 17:45:42,wall_sit,3,1.0,excellent,91.25640882218961,97.54671993180953
2025-11-09 17:45:42,wall_sit,3,1.0,excellent,92.13820344385319,97.93482614093787
2025-11-09 17:45:42,wall_sit,3,1.0,excellent,91.79260206725827,97.40917412103815
2025-11-09 17:45:43,wall_sit,3,1.0,excellent,91.72300504164846,97.36889438541573
2025-11-09 17:45:43,wall_sit,3,1.0,excellent,91.72300504164846,97.40917412103815
2025-11-09 17:45:43,wall_sit,3,1.0,excellent,92.12278337146056,97.39179069332118
2025-11-09 17:45:43,wall_sit,3,1.0,excellent,92.12278337146056,98.25943797987398
2025-11-09 17:45:43,wall_sit,3,1.0,excellent,92.12278337146056,97.85081479423438
2025-11-09 17:45:43,wall_sit,3,1.0,excellent,92.19510092218394,97.85081479423438
2025-11-09 17:45:43,wall_sit,3,1.0,excellent,92.19863817148075,97.49204929995454
2025-11-09 17:45:43,wall_sit,3,1.0,excellent,91.72650287912869,97.94835435808065
2025-11-09 17:45:44,wall_sit,3,1.0,excellent,93.02128502960426,100.30996366840441
2025-11-09 17:45:44,wall_sit,3,1.0,excellent,100.88320314507129,110.39273043758641
2025-11-09 17:45:44,wall_sit,3,1.0,excellent,104.73884681480381,115.63744420438277
2025-11-09 17:45:44,wall_sit,3,1.0,excellent,114.74265628864391,129.25327634669756
2025-11-09 17:45:44,wall_sit,3,1.0,excellent,141.1794764227675,166.9752137602448
2025-11-09 17:45:44,wall_sit,3,1.0,excellent,151.53783818252154,173.70176082402244
2025-11-09 17:45:44,wall_sit,3,1.0,excellent,161.88107817562712,179.6717976507993
2025-11-09 17:45:45,wall_sit,3,1.0,excellent,170.91159028985126,177.16594456687022
2025-11-09 17:45:45,wall_sit,3,1.0,excellent,171.36119035705903,175.03969854804262
2025-11-09 17:45:45,wall_sit,3,1.0,excellent,174.64570109435167,175.39020161260575
2025-11-09 17:45:45,wall_sit,3,1.0,excellent,175.47311638085424,175.10040097427782
2025-11-09 17:45:45,wall_sit,3,1.0,excellent,174.10704946427106,174.2469835412837
2025-11-09 17:45:45,wall_sit,3,1.0,excellent,176.31285322962742,173.91964088478312
2025-11-09 17:45:45,wall_sit,3,1.0,excellent,179.32820275084254,167.3897157208303
2025-11-09 17:45:45,wall_sit,3,1.0,excellent,177.74116610373352,165.6038437915356
2025-11-09 17:45:46,wall_sit,3,1.0,excellent,179.49435351053162,165.86133430566525
2025-11-09 17:45:46,wall_sit,3,1.0,excellent,178.67055970720278,156.29651872391307
2025-11-09 17:45:46,wall_sit,3,1.0,excellent,179.02622782579775,163.61946978842232
2025-11-09 17:45:46,wall_sit,3,1.0,excellent,179.2160143156522,161.50726363308948
2025-11-09 17:45:46,wall_sit,3,1.0,excellent,177.86906148391375,168.34295899273573
2025-11-09 17:45:46,wall_sit,3,1.0,excellent,174.38465029300067,164.05460409895636
2025-11-09 17:45:46,wall_sit,3,1.0,excellent,170.46599900789266,163.51652209916446
2025-11-09 17:45:47,wall_sit,3,1.0,excellent,171.13898034618367,163.8202010100746
2025-11-09 17:45:47,wall_sit,3,1.0,excellent,166.46865928729918,161.86239929312126
2025-11-09 17:45:47,wall_sit,3,1.0,excellent,162.37302271098588,157.76904896630475
2025-11-09 17:45:47,wall_sit,3,1.0,excellent,161.0060856961541,157.61768349814068
2025-11-09 17:45:47,wall_sit,3,1.0,excellent,161.0134842976938,158.38671146577522
2025-11-09 17:45:47,wall_sit,3,1.0,excellent,158.64433933760782,159.25968885919434
2025-11-09 17:45:47,wall_sit,3,1.0,excellent,155.70816546988146,153.88702717817202
2025-11-09 17:45:47,wall_sit,3,1.0,excellent,157.27969044075246,149.15833939222244
2025-11-09 17:45:48,wall_sit,3,1.0,excellent,159.06239573499928,150.46194493185646
2025-11-09 17:45:48,wall_sit,3,1.0,excellent,160.1024247668603,155.35862365386257
2025-11-09 17:45:48,wall_sit,3,1.0,excellent,161.54498787412868,159.8545550722248
2025-11-09 17:45:48,wall_sit,3,1.0,excellent,167.13675067875855,168.21910281538834
2025-11-09 17:45:48,wall_sit,3,1.0,excellent,168.39078875287098,176.70110814711896
2025-11-09 17:45:48,wall_sit,3,1.0,excellent,175.26701734348714,179.12154267443387
2025-11-09 17:45:48,wall_sit,3,1.0,excellent,173.36813009718617,175.2590902178932
2025-11-09 17:45:49,wall_sit,3,1.0,excellent,171.8399971409395,173.6172701637024
2025-11-09 17:45:49,wall_sit,3,1.0,excellent,160.12265647951682,170.6315539167245
2025-11-09 17:45:49,wall_sit,3,1.0,excellent,152.08548624277566,151.63449556640293
2025-11-09 17:45:49,wall_sit,3,1.0,excellent,126.48276989167437,130.03356467047126
2025-11-09 17:45:49,wall_sit,3,1.0,excellent,113.76337897531478,117.56045894807245
2025-11-09 17:45:49,wall_sit,3,1.0,excellent,103.15747949925031,109.42830400024917
2025-11-09 17:45:49,wall_sit,4,1.0,excellent,93.55612400155277,100.27768778244875
2025-11-09 17:45:50,wall_sit,4,1.0,excellent,91.0957013208139,96.22537896471746
2025-11-09 17:45:50,wall_sit,4,1.0,excellent,85.12920675223255,91.64470035438455
2025-11-09 17:45:50,wall_sit,4,1.0,excellent,82.78129875220826,89.87343348816805
2025-11-09 17:45:50,wall_sit,4,1.0,excellent,82.7239057687394,88.01663472288084
2025-11-09 17:45:50,wall_sit,4,1.0,excellent,82.59210002847976,88.02753326612303
2025-11-09 17:45:50,wall_sit,4,1.0,excellent,84.53345471554276,88.48677939644114
2025-11-09 17:45:50,wall_sit,4,1.0,excellent,84.1871602734473,88.5337046762957
2025-11-09 17:45:51,wall_sit,4,1.0,excellent,84.23263239458434,88.13872027973984
2025-11-09 17:45:51,wall_sit,4,1.0,excellent,84.75027519869397,89.01207318492804
2025-11-09 17:45:51,wall_sit,4,1.0,excellent,84.36606021931286,87.77005128655748
2025-11-09 17:45:51,wall_sit,4,1.0,excellent,84.75027519869397,87.75588547887355
2025-11-09 17:45:51,wall_sit,4,1.0,excellent,84.36335940803018,86.43909739237486
2025-11-09 17:45:51,wall_sit,4,1.0,excellent,84.75027519869397,85.97128388816193
2025-11-09 17:45:51,wall_sit,4,1.0,excellent,85.5114618729982,86.44418256840756
2025-11-09 17:45:51,wall_sit,4,1.0,excellent,85.12468726242358,86.91207949070524
2025-11-09 17:45:52,wall_sit,4,1.0,excellent,84.75027519869397,87.36204636976132
2025-11-09 17:45:52,wall_sit,4,1.0,excellent,85.12468726242358,87.36204636976132
2025-11-09 17:45:52,wall_sit,4,1.0,excellent,85.12468726242358,87.78353787996645
2025-11-09 17:45:52,wall_sit,4,1.0,excellent,84.36335940803018,87.78353787996645
2025-11-09 17:45:52,wall_sit,4,1.0,excellent,84.36335940803018,87.37884277185458
2025-11-09 17:45:52,wall_sit,4,1.0,excellent,84.72998001455113,87.37884277185458
2025-11-09 17:45:52,wall_sit,4,1.0,excellent,84.77968137572287,87.8497332585828
2025-11-09 17:45:53,wall_sit,4,1.0,excellent,84.44361364335086,87.8497332585828
2025-11-09 17:45:53,wall_sit,4,1.0,excellent,84.82793557694278,87.85301844881093
2025-11-09 17:45:53,wall_sit,4,1.0,excellent,84.5390357122318,87.90597703110461
2025-11-09 17:45:53,wall_sit,4,1.0,excellent,84.41275603579811,87.46083080871335
2025-11-09 17:45:53,wall_sit,4,1.0,excellent,84.41275603579811,86.65628889354863
2025-11-09 17:45:53,wall_sit,4,1.0,excellent,84.31875155983033,87.03933929850822
2025-11-09 17:45:53,wall_sit,4,1.0,excellent,83.94222108344707,85.77630702212052
2025-11-09 17:45:53,wall_sit,4,1.0,excellent,84.32636591527904,85.72343489362189
2025-11-09 17:45:54,wall_sit,4,1.0,excellent,84.31846849568561,85.72343489362189
2025-11-09 17:45:54,wall_sit,4,1.0,excellent,84.2729836313219,85.72343489362189
2025-11-09 17:45:54,wall_sit,4,1.0,excellent,84.66018288740729,86.13204902922098
2025-11-09 17:45:54,wall_sit,4,1.0,excellent,85.04806412101631,86.13204902922098
2025-11-09 17:45:54,wall_sit,4,1.0,excellent,85.02761780197305,86.13204902922098
2025-11-09 17:45:54,wall_sit,4,1.0,excellent,84.64582357153294,86.15703628429323
2025-11-09 17:45:54,wall_sit,4,1.0,excellent,83.86973551422898,86.15703628429323
2025-11-09 17:45:55,wall_sit,4,1.0,excellent,83.54024754695465,84.99767399795746
2025-11-09 17:45:55,wall_sit,4,1.0,excellent,83.19559313384086,84.99767399795746
2025-11-09 17:45:55,wall_sit,4,1.0,excellent,83.19559313384086,85.04972776571104
2025-11-09 17:45:55,wall_sit,4,1.0,excellent,82.82062610811111,84.59620863975333
2025-11-09 17:45:55,wall_sit,4,1.0,excellent,82.42282031502297,84.1136505535113
2025-11-09 17:45:55,wall_sit,4,1.0,excellent,82.42282031502297,84.92131645927311
2025-11-09 17:45:55,wall_sit,4,1.0,excellent,82.0485391253114,85.3052393167978
2025-11-09 17:45:56,wall_sit,4,1.0,excellent,84.78607468018714,87.40274307141826
2025-11-09 17:45:56,wall_sit,4,1.0,excellent,90.56642903976997,94.27030470498867
2025-11-09 17:45:56,wall_sit,4,1.0,excellent,96.91652597561362,104.04708877907291
2025-11-09 17:45:56,wall_sit,4,1.0,excellent,112.30024776403653,125.7513746948794
2025-11-09 17:45:56,wall_sit,4,1.0,excellent,121.18299951624526,130.31311679275524
2025-11-09 17:45:56,wall_sit,4,1.0,excellent,135.70419433464747,142.35250664279698
2025-11-09 17:45:56,wall_sit,4,1.0,excellent,140.4907376094309,145.49006213399738
2025-11-09 17:45:56,wall_sit,4,1.0,excellent,157.0906579142479,159.50791719263137
2025-11-09 17:45:57,wall_sit,4,1.0,excellent,161.71183765222264,174.42669951356658
2025-11-09 17:45:57,wall_sit,4,1.0,excellent,160.84271940939342,175.01485511021846
2025-11-09 17:45:57,wall_sit,4,1.0,excellent,158.11535215154439,171.07705972427925
2025-11-09 17:45:57,wall_sit,4,1.0,excellent,153.95965732867808,168.2396683628218
2025-11-09 17:45:57,wall_sit,4,1.0,excellent,152.1371625100529,167.34532682960474
2025-11-09 17:45:57,wall_sit,4,1.0,excellent,158.3169448971407,176.96655473380278
2025-11-09 17:45:57,wall_sit,4,1.0,excellent,162.758450870638,179.35877739325582
2025-11-09 17:45:58,wall_sit,4,1.0,excellent,161.33800246048818,177.7077115355717
2025-11-09 17:45:58,wall_sit,4,1.0,excellent,160.41978004197236,175.83650340869
2025-11-09 17:45:58,wall_sit,4,1.0,excellent,158.45835269106044,166.86457812877325
2025-11-09 17:45:58,wall_sit,4,1.0,excellent,152.05016404841535,156.4343078075289
2025-11-09 17:45:58,wall_sit,4,1.0,excellent,136.64734553987995,135.67794826447076
2025-11-09 17:45:58,wall_sit,4,1.0,excellent,126.40671568506225,130.0924245128964
2025-11-09 17:45:58,wall_sit,4,1.0,excellent,116.4882921546365,127.44226460410418
2025-11-09 17:45:58,wall_sit,4,1.0,excellent,109.96653889539954,120.70175808151701
2025-11-09 17:45:59,wall_sit,4,1.0,excellent,102.94474335586261,117.10414184563355
2025-11-09 17:45:59,wall_sit,5,1.0,excellent,98.5087033162665,114.20457678725201
2025-11-09 17:45:59,wall_sit,5,1.0,excellent,98.30291805584054,114.27879128091355
2025-11-09 17:45:59,wall_sit,5,1.0,excellent,97.21769168811612,110.61728464405529
2025-11-09 17:45:59,wall_sit,5,1.0,excellent,97.14145939035078,108.36490511756838
2025-11-09 17:45:59,wall_sit,5,1.0,excellent,100.02336410939684,108.06740136839713
2025-11-09 17:45:59,wall_sit,5,1.0,excellent,101.22605794590208,107.03274740729621
2025-11-09 17:46:00,wall_sit,5,1.0,excellent,102.01818859403441,106.14862412060765
2025-11-09 17:46:00,wall_sit,6,1.0,excellent,101.12876474434368,105.33823016053309
2025-11-09 17:46:00,wall_sit,6,1.0,excellent,101.83887682861997,103.44918720210661
2025-11-09 17:46:00,wall_sit,6,1.0,excellent,101.01515091027514,103.39166872579648
2025-11-09 17:46:00,wall_sit,6,1.0,excellent,100.65058609552294,104.06004388122395
2025-11-09 17:46:00,wall_sit,6,1.0,excellent,99.9676111494486,103.73504669350935
2025-11-09 17:46:00,wall_sit,6,1.0,excellent,99.20040046906615,101.47985908376847
2025-11-09 17:46:01,wall_sit,6,1.0,excellent,98.45634126617779,100.9104982067318
2025-11-09 17:46:01,wall_sit,6,1.0,excellent,97.69078230302453,102.21490461413596
2025-11-09 17:46:01,wall_sit,6,1.0,excellent,97.6979805666719,102.3720732127029
2025-11-09 17:46:01,wall_sit,6,1.0,excellent,97.6979805666719,101.88295421278929
2025-11-09 17:46:01,wall_sit,6,1.0,excellent,97.08297983442115,101.26756249352574
2025-11-09 17:46:01,wall_sit,6,1.0,excellent,96.65146849246439,100.44548044314595
2025-11-09 17:46:01,wall_sit,6,1.0,excellent,96.31397126920507,102.4619515206855
2025-11-09 17:46:01,wall_sit,6,1.0,excellent,97.14618213275769,102.57621122393034
2025-11-09 17:46:02,wall_sit,6,1.0,excellent,97.14618213275769,102.65600618321916
2025-11-09 17:46:02,wall_sit,6,1.0,excellent,97.6147119420275,101.75528821646114
2025-11-09 17:46:02,wall_sit,6,1.0,excellent,98.01819667708607,103.09226661390504
2025-11-09 17:46:02,wall_sit,6,1.0,excellent,98.08877967742997,104.50249849470237
2025-11-09 17:46:02,wall_sit,6,1.0,excellent,97.35059560100042,105.5821797975512
2025-11-09 17:46:02,wall_sit,6,1.0,excellent,96.99699497620975,104.37952647011656
2025-11-09 17:46:02,wall_sit,6,1.0,excellent,95.11345340920417,101.79903090642324
2025-11-09 17:46:03,wall_sit,6,1.0,excellent,93.18938419339653,101.418984073417
2025-11-09 17:46:03,wall_sit,6,1.0,excellent,92.7724481582791,100.47423482821948
2025-11-09 17:46:03,wall_sit,6,1.0,excellent,92.70013060755569,98.12441937663432
2025-11-09 17:46:03,wall_sit,6,1.0,excellent,91.88905233118744,97.10497385026031
2025-11-09 17:46:03,wall_sit,6,1.0,excellent,91.8352672663713,96.70983680775306
2025-11-09 17:46:03,wall_sit,6,1.0,excellent,91.5353845764563,98.13010235415119
2025-11-09 17:46:03,wall_sit,6,1.0,excellent,91.23723400156904,98.17868795937162
2025-11-09 17:46:03,wall_sit,6,1.0,excellent,91.1356062466442,97.58214835425704
2025-11-09 17:46:04,wall_sit,6,1.0,excellent,90.76513812103354,98.46189610343194
2025-11-09 17:46:04,wall_sit,6,1.0,excellent,91.16491645084562,98.9888510190792
2025-11-09 17:46:04,wall_sit,6,1.0,excellent,91.16491645084562,98.52875525522828
2025-11-09 17:46:04,wall_sit,6,1.0,excellent,91.09359985895668,98.5335870892097
2025-11-09 17:46:04,wall_sit,6,1.0,excellent,91.43050739305137,97.59464336858704
2025-11-09 17:46:04,wall_sit,6,1.0,excellent,91.02326380355325,97.59464336858704
2025-11-09 17:46:04,wall_sit,6,1.0,excellent,91.02326380355325,97.59398873674068
2025-11-09 17:46:05,wall_sit,6,1.0,excellent,91.02326380355325,97.12582885906559
2025-11-09 17:46:05,wall_sit,6,1.0,excellent,91.09359985895668,97.04708283645621
2025-11-09 17:46:05,wall_sit,6,1.0,excellent,90.88545432446622,96.12120096530472
2025-11-09 17:46:05,wall_sit,6,1.0,excellent,90.88545432446622,96.12120096530472
2025-11-09 17:46:05,wall_sit,6,1.0,excellent,90.95388840820227,95.63167691587087
2025-11-09 17:46:05,wall_sit,6,1.0,excellent,90.8946832838206,95.5628779821823
2025-11-09 17:46:05,wall_sit,6,1.0,excellent,91.2675032400431,95.48755706008819
2025-11-09 17:46:05,wall_sit,6,1.0,excellent,91.2675032400431,95.99930490078802
2025-11-09 17:46:06,wall_sit,6,1.0,excellent,91.2675032400431,95.51471574639974
2025-11-09 17:46:06,wall_sit,6,1.0,excellent,91.2675032400431,96.9727692860225
2025-11-09 17:46:06,wall_sit,6,1.0,excellent,90.3918581491171,95.35876651603114
2025-11-09 17:46:06,wall_sit,6,1.0,excellent,89.5646690317191,94.08452859064977
2025-11-09 17:46:06,wall_sit,6,1.0,excellent,89.19425927419469,94.92012445881873
2025-11-09 17:46:06,wall_sit,6,1.0,excellent,89.19425927419469,95.3288731964032
2025-11-09 17:46:06,wall_sit,6,1.0,excellent,89.19425927419469,95.74743750088362
2025-11-09 17:46:07,wall_sit,6,1.0,excellent,89.51140331132844,96.67966060645028
2025-11-09 17:46:07,wall_sit,6,1.0,excellent,89.57801079063815,96.23687679372517
2025-11-09 17:46:07,wall_sit,6,1.0,excellent,89.13953628710411,96.67308705741037
2025-11-09 17:46:07,wall_sit,6,1.0,excellent,89.13953628710411,94.6011956202726
2025-11-09 17:46:07,wall_sit,6,1.0,excellent,88.75536225122302,93.77418534923211
2025-11-09 17:46:07,wall_sit,6,1.0,excellent,88.82470957736564,93.39971415912154
2025-11-09 17:46:07,wall_sit,6,1.0,excellent,88.33041636819168,92.9933582089469
2025-11-09 17:46:08,wall_sit,6,1.0,excellent,88.02109578239416,92.58573881061167
2025-11-09 17:46:08,wall_sit,6,1.0,excellent,87.58357475132368,93.74120449688913
2025-11-09 17:46:08,wall_sit,6,1.0,excellent,87.15095072147389,94.54073991347117
2025-11-09 17:46:08,wall_sit,6,1.0,excellent,86.77356034581729,94.9383457835714
2025-11-09 17:46:08,wall_sit,6,1.0,excellent,86.72319044273803,95.25939008115883
2025-11-09 17:46:08,wall_sit,6,1.0,excellent,87.0802182383194,95.36985841810049
2025-11-09 17:46:08,wall_sit,6,1.0,excellent,86.65245795958353,94.88070109270096
2025-11-09 17:46:08,wall_sit,6,1.0,excellent,89.25075178455869,95.54406005673584
2025-11-09 17:46:09,wall_sit,6,1.0,excellent,98.39569403576596,105.28118346437873
2025-11-09 17:46:09,wall_sit,6,1.0,excellent,109.65733762764285,116.40604387154785
2025-11-09 17:46:09,wall_sit,6,1.0,excellent,128.37028773587812,133.9502563424115
2025-11-09 17:46:09,wall_sit,6,1.0,excellent,142.88951682915092,154.35696294342435
2025-11-09 17:46:09,wall_sit,6,1.0,excellent,165.7812673959879,167.1896792184061
2025-11-09 17:46:09,wall_sit,6,1.0,excellent,177.02800441647435,176.15155229741092
2025-11-09 17:46:09,wall_sit,6,1.0,excellent,173.35535480109695,175.86081074388028
2025-11-09 17:46:09,wall_sit,6,1.0,excellent,174.72601547955438,177.78216816796112
2025-11-09 17:46:10,wall_sit,6,1.0,excellent,164.45850762621677,164.50588036705014
2025-11-09 17:46:10,wall_sit,6,1.0,excellent,154.32847669993367,160.1493591527916
2025-11-09 17:46:10,wall_sit,6,1.0,excellent,121.57826459374455,166.06989220595418
2025-11-09 17:46:11,wall_sit,6,1.0,excellent,127.55829714517559,174.1844715956699
2025-11-09 17:46:11,wall_sit,6,1.0,excellent,172.3151523348471,178.61964592545365
2025-11-09 17:46:12,wall_sit,6,1.0,excellent,175.61133244747344,176.61702302308893
2025-11-09 17:46:12,wall_sit,6,1.0,excellent,159.1276560699317,161.7993884368463
2025-11-09 17:46:12,wall_sit,6,1.0,excellent,169.82701728682903,179.87448917260087
2025-11-09 17:46:20,wall_sit,6,1.0,excellent,172.24194293227495,167.86499299601792
2025-11-09 17:46:20,wall_sit,6,1.0,excellent,2.6476296891399693,17.08622673129959
2025-11-09 17:46:21,wall_sit,6,1.0,excellent,178.13076506175656,178.79615440573366
2025-11-09 17:46:21,wall_sit,6,1.0,excellent,175.00308213337718,178.5080847464558
2025-11-09 17:46:21,wall_sit,6,1.0,excellent,177.07014298970714,179.12068017588055
2025-11-09 17:46:21,wall_sit,6,1.0,excellent,178.748084670914,173.74066318038408
2025-11-09 17:46:22,wall_sit,6,1.0,excellent,177.863089145407,170.34697451910782
2025-11-09 17:46:22,wall_sit,6,1.0,excellent,178.78112476345393,178.28960611133795
2025-11-09 17:46:22,wall_sit,6,1.0,excellent,179.61233175077308,176.12753656553383
2025-11-09 17:46:22,wall_sit,6,1.0,excellent,179.59365376214367,175.50657448276593
2025-11-09 17:46:22,wall_sit,6,1.0,excellent,179.58780725393896,175.4367887314441
2025-11-09 17:46:22,wall_sit,6,1.0,excellent,177.52833523760336,172.45402212509399
2025-11-09 17:46:22,wall_sit,6,1.0,excellent,173.44301524690025,169.4900607275078
2025-11-09 17:46:22,wall_sit,6,1.0,excellent,170.9421118711733,168.26656795476833
2025-11-09 17:46:23,wall_sit,6,1.0,excellent,169.64559338011574,168.27460642875857
2025-11-09 17:46:23,wall_sit,6,1.0,excellent,168.08064477757253,167.61924307102012
2025-11-09 17:46:23,wall_sit,6,1.0,excellent,163.02004576257437,162.64360462566373
2025-11-09 17:46:23,wall_sit,6,1.0,excellent,165.7625227584021,156.7875531916228
2025-11-09 17:46:23,wall_sit,6,1.0,excellent,171.43085812000533,162.4340429500381
2025-11-09 17:46:23,wall_sit,6,1.0,excellent,171.7309450346849,168.84780175307003
2025-11-09 17:46:23,wall_sit,6,1.0,excellent,179.93219988923266,178.82335519886587
2025-11-09 17:46:24,wall_sit,6,1.0,excellent,179.86151394324548,178.793753324004
2025-11-09 17:46:24,wall_sit,6,1.0,excellent,174.65591025432843,173.65420642705126
2025-11-09 17:46:24,wall_sit,6,1.0,excellent,173.8233301144122,166.27853383004918
2025-11-09 17:46:24,wall_sit,6,1.0,excellent,179.0146097559944,168.4547817097573
2025-11-09 17:46:24,wall_sit,6,1.0,excellent,178.9580953839592,164.91338156076912
2025-11-09 17:46:24,wall_sit,6,1.0,excellent,166.82038796548966,152.07016582507725
2025-11-09 17:46:24,wall_sit,6,1.0,excellent,156.94325401435313,161.8094202616433
2025-11-09 17:46:25,wall_sit,6,1.0,excellent,163.93004825279564,172.9609566674906
2025-11-09 17:46:25,wall_sit,6,1.0,excellent,157.55754450452116,173.01985256977068
2025-11-09 17:46:25,wall_sit,6,1.0,excellent,139.44653887078692,144.0537339651831
2025-11-09 17:46:25,wall_sit,6,1.0,excellent,141.9634430870384,147.42383250946622
2025-11-09 17:46:25,wall_sit,6,1.0,excellent,130.79649473262094,133.84186168967557
2025-11-09 17:46:25,wall_sit,6,1.0,excellent,114.59802722323582,127.98992424951852
2025-11-09 17:46:25,wall_sit,7,1.0,excellent,101.09248107761499,114.86789498746396
2025-11-09 17:46:26,wall_sit,7,1.0,excellent,94.76824974504294,106.8115932629666
2025-11-09 17:46:26,wall_sit,7,1.0,excellent,87.81526267481266,98.05441444637741
2025-11-09 17:46:26,wall_sit,7,1.0,excellent,86.69813432556636,94.97936648869705
2025-11-09 17:46:26,wall_sit,7,1.0,excellent,84.17517090755969,92.04876978301799
2025-11-09 17:46:26,wall_sit,7,1.0,excellent,82.50770804376312,89.98236691289368
2025-11-09 17:46:26,wall_sit,7,1.0,excellent,82.81600204874614,90.42893177801224
2025-11-09 17:46:26,wall_sit,7,1.0,excellent,83.14292766590353,90.44978719056897
2025-11-09 17:46:27,wall_sit,7,1.0,excellent,83.14292766590351,91.25547436019949
2025-11-09 17:46:27,wall_sit,7,1.0,excellent,83.87744870015803,91.65749879935117
2025-11-09 17:46:27,wall_sit,7,1.0,excellent,84.19413520606057,93.30824841568013
2025-11-09 17:46:27,wall_sit,7,1.0,excellent,85.30131948270245,93.60697876231468
2025-11-09 17:46:27,wall_sit,7,1.0,excellent,84.66991320850454,93.68901823571048
2025-11-09 17:46:27,wall_sit,7,1.0,excellent,84.57116099664974,94.54733751163762
2025-11-09 17:46:27,wall_sit,7,1.0,excellent,87.46885952240689,95.39061782032825
2025-11-09 17:46:27,wall_sit,7,1.0,excellent,88.9215273818408,97.52288206031389
2025-11-09 17:46:28,wall_sit,7,1.0,excellent,89.28874377190225,97.58895009021268
2025-11-09 17:46:28,wall_sit,7,1.0,excellent,90.02788794109924,95.47203856935266
2025-11-09 17:46:28,wall_sit,7,1.0,excellent,89.67491109928527,94.72798781883978
2025-11-09 17:46:28,wall_sit,7,1.0,excellent,90.04237852741473,94.72798781883978
2025-11-09 17:46:28,wall_sit,7,1.0,excellent,90.0558030303352,94.3323139831863
2025-11-09 17:46:28,wall_sit,7,1.0,excellent,90.0558030303352,93.05768562631134
2025-11-09 17:46:28,wall_sit,7,1.0,excellent,90.06889821055356,93.44221528589566
2025-11-09 17:46:29,wall_sit,7,1.0,excellent,90.42771052850222,93.01278750418184
2025-11-09 17:46:29,wall_sit,7,1.0,excellent,90.80011639023039,93.77162762845002
2025-11-09 17:46:29,wall_sit,7,1.0,excellent,91.16591068513831,94.54300488382827
2025-11-09 17:46:29,wall_sit,7,1.0,excellent,91.16591068513831,94.54300488382827
2025-11-09 17:46:29,wall_sit,7,1.0,excellent,91.16374096576521,94.51037524319864
2025-11-09 17:46:29,wall_sit,7,1.0,excellent,91.52752544221231,93.73926675798738
2025-11-09 17:46:29,wall_sit,7,1.0,excellent,91.52752544221231,92.8615982092011
2025-11-09 17:46:30,wall_sit,7,1.0,excellent,91.52752544221231,92.47166476163227
2025-11-09 17:46:30,wall_sit,7,1.0,excellent,91.52752544221231,91.69046596187532
2025-11-09 17:46:30,wall_sit,7,1.0,excellent,91.14576283817465,91.69046596187532
2025-11-09 17:46:30,wall_sit,7,1.0,excellent,91.14576283817465,92.09015915370969
2025-11-09 17:46:30,wall_sit,7,1.0,excellent,91.14576283817465,91.67239436108848
2025-11-09 17:46:30,wall_sit,7,1.0,excellent,91.50495389097811,91.67239436108848
2025-11-09 17:46:30,wall_sit,7,1.0,excellent,91.50495389097811,91.30274929924164
2025-11-09 17:46:31,wall_sit,7,1.0,excellent,91.50495389097811,91.67239436108848
2025-11-09 17:46:31,wall_sit,7,1.0,excellent,91.50495389097811,91.67239436108848
2025-11-09 17:46:31,wall_sit,7,1.0,excellent,91.8564308738402,91.68468431789547
2025-11-09 17:46:31,wall_sit,7,1.0,excellent,91.8564308738402,92.47999107557767
2025-11-09 17:46:31,wall_sit,7,1.0,excellent,91.84874326090994,92.47999107557767
2025-11-09 17:46:31,wall_sit,7,1.0,excellent,92.1937394841807,92.47999107557767
2025-11-09 17:46:31,wall_sit,7,1.0,excellent,92.1937394841807,91.25445162268095
2025-11-09 17:46:31,wall_sit,7,1.0,excellent,91.84445722115782,91.25445162268095
2025-11-09 17:46:32,wall_sit,7,1.0,excellent,91.84445722115782,91.20602038726886
2025-11-09 17:46:32,wall_sit,7,1.0,excellent,91.8521448340881,90.4182099414969
2025-11-09 17:46:32,wall_sit,7,1.0,excellent,91.47200510531303,90.0
2025-11-09 17:46:32,wall_sit,7,1.0,excellent,91.82342918609913,89.58780725859786
2025-11-09 17:46:32,wall_sit,7,1.0,excellent,91.82342918609913,88.8083815718173
2025-11-09 17:46:32,wall_sit,7,1.0,excellent,91.43893416310576,87.65292961802638
2025-11-09 17:46:32,wall_sit,7,1.0,excellent,91.44544134984814,88.46881006744859
2025-11-09 17:46:33,wall_sit,7,1.0,excellent,91.44544134984814,88.47179686719112
2025-11-09 17:46:33,wall_sit,7,1.0,excellent,91.44544134984814,88.47179686719112
2025-11-09 17:46:33,wall_sit,7,1.0,excellent,91.79895287098593,88.06684505139582
2025-11-09 17:46:33,wall_sit,7,1.0,excellent,91.79895287098593,88.47179686719112
2025-11-09 17:46:33,wall_sit,7,1.0,excellent,91.44544134984814,88.84076125596697
2025-11-09 17:46:33,wall_sit,7,1.0,excellent,91.44544134984814,89.62552311327735
2025-11-09 17:46:33,wall_sit,7,1.0,excellent,91.45202934332411,90.37447688672265
2025-11-09 17:46:33,wall_sit,7,1.0,excellent,91.45202934332411,90.0
2025-11-09 17:46:34,wall_sit,7,1.0,excellent,91.06749968373975,89.21034357213269
2025-11-09 17:46:34,wall_sit,7,1.0,excellent,91.42320484663253,89.62305952040305
2025-11-09 17:46:34,wall_sit,7,1.0,excellent,91.42320484663253,90.0
2025-11-09 17:46:34,wall_sit,7,1.0,excellent,91.42320484663253,90.4212849041684
2025-11-09 17:46:34,wall_sit,7,1.0,excellent,91.42320484663253,90.0
2025-11-09 17:46:34,wall_sit,7,1.0,excellent,91.02989355181722,90.0
2025-11-09 17:46:34,wall_sit,7,1.0,excellent,91.02989355181722,90.37447688672265
2025-11-09 17:46:35,wall_sit,7,1.0,excellent,90.67638203067945,90.80134589895822
2025-11-09 17:46:35,wall_sit,7,1.0,excellent,90.67638203067945,92.03187014432426
2025-11-09 17:46:35,wall_sit,7,1.0,excellent,90.66987484393707,92.46105465052908
2025-11-09 17:46:35,wall_sit,7,1.0,excellent,90.67243829879254,92.46105465052908
2025-11-09 17:46:35,wall_sit,7,1.0,excellent,90.32101421800644,92.07912239432828
2025-11-09 17:46:35,wall_sit,7,1.0,excellent,90.32101421800644,92.07912239432828
2025-11-09 17:46:35,wall_sit,7,1.0,excellent,89.97206673845439,92.0666505226243
2025-11-09 17:46:35,wall_sit,7,1.0,excellent,89.5905200552344,92.05436056581729
2025-11-09 17:46:36,wall_sit,7,1.0,excellent,89.93985425871496,92.05436056581729
2025-11-09 17:46:36,wall_sit,7,1.0,excellent,89.93985425871496,92.474688813294
2025-11-09 17:46:36,wall_sit,7,1.0,excellent,89.24615166692953,92.474688813294
2025-11-09 17:46:36,wall_sit,7,1.0,excellent,89.24615166692953,93.2589646399598
2025-11-09 17:46:36,wall_sit,7,1.0,excellent,89.24615166692953,93.29036130486098
2025-11-09 17:46:36,wall_sit,7,1.0,excellent,89.96992347808381,92.03187014432426
2025-11-09 17:46:36,wall_sit,7,1.0,excellent,89.62056329858117,91.91544003566025
2025-11-09 17:46:37,wall_sit,7,1.0,excellent,89.64849656012679,91.53321754712067
2025-11-09 17:46:37,wall_sit,7,1.0,excellent,89.2970195772647,92.38904041146283
2025-11-09 17:46:37,wall_sit,7,1.0,excellent,89.29268063145604,91.97110778767305
2025-11-09 17:46:37,wall_sit,7,1.0,excellent,89.29268063145604,92.03144886553302
2025-11-09 17:46:37,wall_sit,7,1.0,excellent,90.02326732035066,92.84596478569684
2025-11-09 17:46:37,wall_sit,7,1.0,excellent,90.37694047959698,92.84596478569684
2025-11-09 17:46:37,wall_sit,7,1.0,excellent,90.37694047959698,94.090456427408
2025-11-09 17:46:38,wall_sit,7,1.0,excellent,90.02107064897525,94.93208742826238
2025-11-09 17:46:38,wall_sit,7,1.0,excellent,90.01884652027356,94.94472155804945
2025-11-09 17:46:38,wall_sit,7,1.0,excellent,90.03768838760034,94.48661243358937
2025-11-09 17:46:38,wall_sit,7,1.0,excellent,90.4007461649448,94.08060840765057
2025-11-09 17:46:38,wall_sit,7,1.0,excellent,90.4007461649448,94.95962941090704
2025-11-09 17:46:38,wall_sit,7,1.0,excellent,90.39849406088115,95.37738169191081
2025-11-09 17:46:38,wall_sit,7,1.0,excellent,90.75884012426823,95.79321219091415
2025-11-09 17:46:38,wall_sit,7,1.0,excellent,90.75884012426823,96.66292012839159
2025-11-09 17:46:39,wall_sit,7,1.0,excellent,90.75884012426823,97.08517228055527
2025-11-09 17:46:39,wall_sit,7,1.0,excellent,91.13817700748771,96.25426994211676
2025-11-09 17:46:39,wall_sit,7,1.0,excellent,91.13817700748771,96.25426994211676
2025-11-09 17:46:39,wall_sit,7,1.0,excellent,91.51741412501151,96.25426994211676
2025-11-09 17:46:39,wall_sit,7,1.0,excellent,91.50743575877435,96.28721369395615
2025-11-09 17:46:39,wall_sit,7,1.0,excellent,91.50743575877435,96.734768423454
2025-11-09 17:46:39,wall_sit,7,1.0,excellent,94.13918925572449,99.34209364910838
2025-11-09 17:46:40,wall_sit,7,1.0,excellent,99.55034009795742,108.18958255436895
2025-11-09 17:46:40,wall_sit,7,1.0,excellent,107.95610368863942,118.46497468895932
2025-11-09 17:46:40,wall_sit,7,1.0,excellent,113.99431406637713,122.94608993625474
2025-11-09 17:46:40,wall_sit,7,1.0,excellent,136.12895835068355,159.96291128339456
2025-11-09 17:46:40,wall_sit,7,1.0,excellent,161.1156471734714,170.12542214977054
2025-11-09 17:46:40,wall_sit,7,1.0,excellent,163.48469769997078,167.14456905735096
2025-11-09 17:46:40,wall_sit,7,1.0,excellent,171.83987183492945,178.32898048378595
2025-11-09 17:46:41,wall_sit,7,1.0,excellent,175.33299700562682,178.09478176432285
2025-11-09 17:46:41,wall_sit,7,1.0,excellent,174.41186507476036,175.12950549255024
2025-11-09 17:46:41,wall_sit,7,1.0,excellent,177.20672984853775,172.46081518088167
2025-11-09 17:46:41,wall_sit,7,1.0,excellent,175.1204177802315,173.3595163089524
2025-11-09 17:46:41,wall_sit,7,1.0,excellent,175.6525034988893,175.04593025886783
2025-11-09 17:46:41,wall_sit,7,1.0,excellent,176.26429389641822,174.2290770922431
2025-11-09 17:46:41,wall_sit,7,1.0,excellent,178.19977178375268,172.20724107035372
2025-11-09 17:46:41,wall_sit,7,1.0,excellent,178.37299588859622,174.80819588719862
2025-11-09 17:46:42,wall_sit,7,1.0,excellent,178.22056138668606,174.9237252921461
2025-11-09 17:46:42,wall_sit,7,1.0,excellent,177.09236571388627,176.16650015658033
2025-11-09 17:46:42,wall_sit,7,1.0,excellent,177.0640924472361,179.9504682961986
2025-11-09 17:46:42,wall_sit,7,1.0,excellent,176.74415452696343,179.96546362840633
2025-11-09 17:46:42,wall_sit,7,1.0,excellent,177.70838473080144,179.89444135947784
2025-11-09 17:46:42,wall_sit,7,1.0,excellent,177.38232640397487,179.71243273061313
2025-11-09 17:46:42,wall_sit,7,1.0,excellent,177.84834676193938,179.91153513489886
2025-11-09 17:46:43,wall_sit,7,1.0,excellent,178.17775543311288,178.7351312791646
2025-11-09 17:46:43,wall_sit,7,1.0,excellent,177.84834676193938,176.45691332231382
2025-11-09 17:46:43,wall_sit,7,1.0,excellent,177.67750716064177,177.31156424679162
2025-11-09 17:46:43,wall_sit,7,1.0,excellent,177.35217184609107,177.76876048583244
2025-11-09 17:46:43,wall_sit,7,1.0,excellent,178.86795259495392,179.95570381559963
2025-11-09 17:46:43,wall_sit,7,1.0,excellent,179.52696688649675,174.09021772305096
2025-11-09 17:46:43,wall_sit,7,1.0,excellent,179.84570689067795,174.97700151193672
2025-11-09 17:46:44,wall_sit,7,1.0,excellent,179.83026460795952,179.39453161806478
2025-11-09 17:46:44,wall_sit,7,1.0,excellent,179.50615911736077,179.52362883147427
2025-11-09 17:46:44,wall_sit,7,1.0,excellent,179.50615911736077,178.37247487164302
2025-11-09 17:46:44,wall_sit,7,1.0,excellent,178.7054004808548,178.02424381981456
2025-11-09 17:46:44,wall_sit,7,1.0,excellent,178.7054004808548,176.22166917866767
2025-11-09 17:46:44,wall_sit,7,1.0,excellent,179.34893961780807,177.67717374056105
2025-11-09 17:46:44,wall_sit,7,1.0,excellent,179.66202819102074,176.57278901959603
2025-11-09 17:46:44,wall_sit,7,1.0,excellent,179.66202819102074,173.47731959255339
2025-11-09 17:46:45,wall_sit,7,1.0,excellent,179.49463311079654,172.8901492883303
2025-11-09 17:46:45,wall_sit,7,1.0,excellent,179.8205868340931,174.3925337857609
2025-11-09 17:46:45,wall_sit,7,1.0,excellent,179.65264774264242,175.88568595616064
2025-11-09 17:46:45,wall_sit,7,1.0,excellent,179.01223959905246,173.8844964334925
2025-11-09 17:46:45,wall_sit,7,1.0,excellent,179.01223959905246,175.55351754649033
2025-11-09 17:46:45,wall_sit,7,1.0,excellent,179.01223959905246,173.2115359085236
2025-11-09 17:46:45,wall_sit,7,1.0,excellent,179.4844468692522,173.94630424450904
2025-11-09 17:46:46,wall_sit,7,1.0,excellent,179.7346281464793,172.08320028388923
2025-11-09 17:46:46,wall_sit,7,1.0,excellent,179.58296834652467,170.90690989326026
2025-11-09 17:46:46,wall_sit,7,1.0,excellent,179.78254698805614,172.19541229538717
2025-11-09 17:46:46,wall_sit,7,1.0,excellent,168.2751317692389,173.93382039341856
2025-11-09 17:46:46,wall_sit,7,1.0,excellent,154.06203693011489,175.42317362420545
2025-11-09 17:46:46,wall_sit,7,1.0,excellent,144.6199101237306,157.3108536110439
2025-11-09 17:46:46,wall_sit,7,1.0,excellent,123.20419691768673,128.5339125618321
2025-11-09 17:46:46,wall_sit,7,1.0,excellent,106.89534947814678,113.65131332663069
2025-11-09 17:46:47,wall_sit,8,1.0,excellent,100.16396258806304,105.52732267630917
2025-11-09 17:46:47,wall_sit,8,1.0,excellent,91.43371736059385,95.79765475235206
2025-11-09 17:46:47,wall_sit,8,1.0,excellent,87.77151872294365,89.55585556688827
2025-11-09 17:46:47,wall_sit,8,1.0,excellent,86.79314273961667,87.73949808885972
2025-11-09 17:46:47,wall_sit,8,1.0,excellent,86.81682264491879,86.93328919725376
2025-11-09 17:46:47,wall_sit,8,1.0,excellent,85.82368555317204,85.42907974991114
2025-11-09 17:46:47,wall_sit,8,1.0,excellent,85.49283139640927,85.05492252364007
2025-11-09 17:46:48,wall_sit,8,1.0,excellent,85.47689756595948,85.04633994824093
2025-11-09 17:46:48,wall_sit,8,1.0,excellent,85.49473701741267,85.80617242759185
2025-11-09 17:46:48,wall_sit,8,1.0,excellent,85.49473701741267,85.43151953284696
2025-11-09 17:46:48,wall_sit,8,1.0,excellent,85.82737602891481,85.82176699839636
2025-11-09 17:46:48,wall_sit,8,1.0,excellent,85.82737602891481,85.82074038545565
2025-11-09 17:46:48,wall_sit,8,1.0,excellent,85.11658298485112,85.41552852586248
2025-11-09 17:46:48,wall_sit,8,1.0,excellent,85.81353758312166,85.78710379514801
2025-11-09 17:46:49,wall_sit,8,1.0,excellent,85.81353758312166,85.78710379514801
2025-11-09 17:46:49,wall_sit,8,1.0,excellent,85.09665201749189,85.78710379514801
2025-11-09 17:46:49,wall_sit,8,1.0,excellent,85.42750617425467,85.4074338401693
2025-11-09 17:46:49,wall_sit,8,1.0,excellent,85.42750617425467,85.4074338401693
2025-11-09 17:46:49,wall_sit,8,1.0,excellent,85.11508250483789,85.03824976542387
2025-11-09 17:46:49,wall_sit,8,1.0,excellent,85.11508250483789,85.41552852586248
2025-11-09 17:46:49,wall_sit,8,1.0,excellent,85.11508250483789,85.39931732771552
2025-11-09 17:46:49,wall_sit,8,1.0,excellent,85.11508250483789,85.78710379514801
2025-11-09 17:46:50,wall_sit,8,1.0,excellent,85.11508250483789,85.4074338401693
2025-11-09 17:46:50,wall_sit,8,1.0,excellent,85.11508250483789,85.4074338401693
2025-11-09 17:46:50,wall_sit,8,1.0,excellent,85.11508250483789,85.4074338401693
2025-11-09 17:46:50,wall_sit,8,1.0,excellent,85.11508250483789,85.4074338401693
2025-11-09 17:46:50,wall_sit,8,1.0,excellent,85.0636326882731,85.04251439806468
2025-11-09 17:46:50,wall_sit,8,1.0,excellent,84.75349866624484,85.04251439806468
2025-11-09 17:46:50,wall_sit,8,1.0,excellent,84.73277853151033,85.41695157498316
2025-11-09 17:46:51,wall_sit,8,1.0,excellent,84.73277853151033,85.41695157498316
2025-11-09 17:46:51,wall_sit,8,1.0,excellent,85.10354334424342,85.43272684427423
2025-11-09 17:46:51,wall_sit,8,1.0,excellent,85.07473330402325,85.43272684427423
2025-11-09 17:46:51,wall_sit,8,1.0,excellent,85.09519364579599,85.43272684427423
2025-11-09 17:46:51,wall_sit,8,1.0,excellent,84.76817908588524,85.4482907101119
2025-11-09 17:46:51,wall_sit,8,1.0,excellent,84.76817908588524,85.43353136486573
2025-11-09 17:46:51,wall_sit,8,1.0,excellent,84.76817908588524,85.43353136486573
2025-11-09 17:46:51,wall_sit,8,1.0,excellent,84.76817908588524,85.43353136486573
2025-11-09 17:46:52,wall_sit,8,1.0,excellent,85.0767099709023,85.43353136486573
2025-11-09 17:46:52,wall_sit,8,1.0,excellent,85.4280798500299,85.79441917907735
2025-11-09 17:46:52,wall_sit,8,1.0,excellent,85.11539904504528,85.80672444488039
2025-11-09 17:46:52,wall_sit,8,1.0,excellent,85.11539904504528,85.82228831071806
2025-11-09 17:46:52,wall_sit,8,1.0,excellent,85.11539904504528,85.80672444488039
2025-11-09 17:46:52,wall_sit,8,1.0,excellent,85.11539904504528,85.80672444488039
2025-11-09 17:46:52,wall_sit,8,1.0,excellent,84.76817908588524,86.16510640186037
2025-11-09 17:46:53,wall_sit,8,1.0,excellent,84.76817908588524,86.5393914268023
2025-11-09 17:46:53,wall_sit,8,1.0,excellent,85.761316177632,86.8992121193723
2025-11-09 17:46:53,wall_sit,8,1.0,excellent,89.42384241641787,91.037723870999
2025-11-09 17:46:53,wall_sit,8,1.0,excellent,98.70503463548421,101.8066727837074
2025-11-09 17:46:53,wall_sit,8,1.0,excellent,104.50321639839856,105.51125858740558
2025-11-09 17:46:53,wall_sit,8,1.0,excellent,114.31616213381564,119.70503722858523
2025-11-09 17:46:53,wall_sit,8,1.0,excellent,139.33134646424088,143.36181123587733
2025-11-09 17:46:54,wall_sit,8,1.0,excellent,173.6583180778233,162.29391247826823
2025-11-09 17:46:54,wall_sit,8,1.0,excellent,173.07371089913883,162.47480374195626
2025-11-09 17:46:54,wall_sit,8,1.0,excellent,152.64139126243285,146.63885449643786
2025-11-09 17:46:54,wall_sit,8,1.0,excellent,132.13589567555965,152.21842592093265
2025-11-09 17:46:54,wall_sit,8,1.0,excellent,125.27983321596399,177.11244867419572
2025-11-09 17:46:54,wall_sit,8,1.0,excellent,159.31025416432655,155.60121029809912
2025-11-09 17:46:54,wall_sit,8,1.0,excellent,147.23378063028846,142.7133508453503
2025-11-09 17:46:55,wall_sit,8,1.0,excellent,159.02147750755654,164.1502321922507
2025-11-09 17:46:55,wall_sit,8,1.0,excellent,176.87786953747937,174.45479628189992
2025-11-09 17:46:55,wall_sit,8,1.0,excellent,174.20379813816479,170.18934401103357
2025-11-09 17:46:55,wall_sit,8,1.0,excellent,177.20123482071097,173.27763811942657
2025-11-09 17:46:55,wall_sit,8,1.0,excellent,161.2162506763729,174.40362643324775
2025-11-09 17:46:55,wall_sit,8,1.0,excellent,174.90446564311608,169.84524036405452
2025-11-09 17:46:55,wall_sit,8,1.0,excellent,165.58336431749214,175.97071246893262
2025-11-09 17:46:55,wall_sit,8,1.0,excellent,177.7310447153461,174.001123798917
2025-11-09 17:46:56,wall_sit,8,1.0,excellent,177.91793901765385,178.50032711735003
2025-11-09 17:46:56,wall_sit,8,1.0,excellent,173.99704263911528,167.60033357360263
2025-11-09 17:46:56,wall_sit,8,1.0,excellent,171.41935034391904,177.93718986824115
2025-11-09 17:46:56,wall_sit,8,1.0,excellent,173.33774593846508,173.14594094816732
2025-11-09 17:46:56,wall_sit,8,1.0,excellent,172.88131957700313,168.50487732670774
2025-11-09 17:46:58,wall_sit,8,1.0,excellent,177.31667195451334,175.71921956658912
2025-11-09 17:46:58,wall_sit,8,1.0,excellent,178.42527848242972,175.34132608697735
2025-11-09 17:46:58,wall_sit,8,1.0,excellent,177.40112431011806,176.84032979763973
2025-11-09 17:46:58,wall_sit,8,1.0,excellent,175.95753952689975,176.28640352658326
2025-11-09 17:46:59,wall_sit,8,1.0,excellent,175.78649649755596,175.4003490446668
2025-11-09 17:46:59,wall_sit,8,1.0,excellent,175.8956452751268,174.9839365151745
2025-11-09 17:46:59,wall_sit,8,1.0,excellent,175.75533334808992,174.660296237117
2025-11-09 17:46:59,wall_sit,8,1.0,excellent,177.31869641237205,174.6931564411982
2025-11-09 17:46:59,wall_sit,8,1.0,excellent,178.49055988062366,178.5717245979955
2025-11-09 17:46:59,wall_sit,8,1.0,excellent,177.74058774619948,176.80239258676514
2025-11-09 17:46:59,wall_sit,8,1.0,excellent,178.0492804998907,176.1387853997849
2025-11-09 17:47:00,wall_sit,8,1.0,excellent,176.85274786023425,177.50979105949267
2025-11-09 17:47:00,wall_sit,8,1.0,excellent,177.65359180874307,176.18484972350197
2025-11-09 17:47:00,wall_sit,8,1.0,excellent,177.43613681097204,177.02746863815827
2025-11-09 17:47:00,wall_sit,8,1.0,excellent,175.2346080873025,175.99111955235307
2025-11-09 17:47:00,wall_sit,8,1.0,excellent,173.02369026190092,177.3954324748908
2025-11-09 17:47:00,wall_sit,8,1.0,excellent,174.0312549677542,176.22922859208907
2025-11-09 17:47:00,wall_sit,8,1.0,excellent,172.63253602406704,172.96984974067996
2025-11-09 17:47:00,wall_sit,8,1.0,excellent,176.22080530856454,172.62469186484267
2025-11-09 17:47:01,wall_sit,8,1.0,excellent,173.12144114926014,172.34248603453509
2025-11-09 17:47:01,wall_sit,8,1.0,excellent,172.90246357841846,176.86104563870245
2025-11-09 17:47:01,wall_sit,8,1.0,excellent,173.43134494978653,176.20739931797365
2025-11-09 17:47:01,wall_sit,8,1.0,excellent,172.404767166417,179.84752248882376
2025-11-09 17:47:01,wall_sit,8,1.0,excellent,173.33745063323022,178.25892423777807
2025-11-09 17:47:01,wall_sit,8,1.0,excellent,175.0777847400528,177.86678874003934
